Name,Team,G,PA,HR,R,RBI,SB,BB%,K%,ISO,BABIP,AVG,OBP,SLG,wOBA,wRC+,BsR,Off,Def,WAR,playerid
Cody Bellinger,Dodgers,11,51,7,18,19,1,9.80%,11.80%,0.543,0.394,0.435,0.49,0.978,0.595,266,-0.3,11,-0.6,1.2,15998
Mike Trout,Angels,11,47,5,7,12,1,27.70%,8.50%,0.567,0.273,0.367,0.574,0.933,0.57,290,0.2,10.4,0,1.2,10155
Tim Beckham,Mariners,11,47,4,13,11,0,14.90%,17.00%,0.425,0.429,0.4,0.489,0.825,0.539,270,-0.5,8.7,0.5,1.1,7949
Christian Yelich,Brewers,11,51,5,11,13,2,19.60%,11.80%,0.475,0.333,0.375,0.49,0.85,0.529,220,0.4,8.5,-0.5,1,11477
Daniel Vogelbach,Mariners,7,24,5,7,9,0,25.00%,20.80%,1,0.429,0.471,0.625,1.471,0.764,432,0,9.1,-0.6,0.9,14130
Anthony Rendon,Nationals,9,40,4,12,9,0,12.50%,17.50%,0.5,0.435,0.412,0.5,0.912,0.572,246,0,7.8,0.1,0.9,12861
Domingo Santana,Mariners,12,59,4,11,19,3,13.60%,23.70%,0.3,0.406,0.34,0.431,0.64,0.451,207,0.6,7.8,-0.6,0.9,10348
Rhys Hoskins,Phillies,9,39,5,10,15,0,20.50%,20.50%,0.567,0.353,0.367,0.513,0.933,0.574,249,0,7.7,-0.7,0.8,16472
Tim Anderson,White Sox,7,30,2,7,5,2,3.30%,13.30%,0.276,0.565,0.517,0.533,0.793,0.564,284,0.4,6.7,0.3,0.8,15172
Trey Mancini,Orioles,10,44,5,11,11,0,9.10%,18.20%,0.436,0.37,0.385,0.432,0.821,0.509,242,0,7.2,-0.6,0.8,15149
Enrique Hernandez,Dodgers,10,42,3,10,8,0,19.00%,11.90%,0.364,0.346,0.364,0.476,0.727,0.491,202,0,5.7,0.1,0.7,10472
Kolten Wong,Cardinals,10,38,3,8,8,2,10.50%,18.40%,0.394,0.417,0.394,0.447,0.788,0.502,206,0.4,5.8,0.2,0.7,12532
Bryce Harper,Phillies,9,40,3,6,5,1,27.50%,27.50%,0.414,0.467,0.345,0.525,0.759,0.51,210,0.2,6,-0.4,0.7,11579
Peter Alonso,Mets,9,37,3,6,11,0,8.10%,32.40%,0.441,0.526,0.382,0.432,0.824,0.517,219,0,5.9,-0.5,0.7,19251
Austin Barnes,Dodgers,7,26,2,7,5,0,23.10%,7.70%,0.368,0.375,0.421,0.538,0.789,0.533,227,0,4.4,1.2,0.6,12158
Edwin Encarnacion,Mariners,9,43,4,10,9,0,16.30%,16.30%,0.353,0.304,0.324,0.465,0.676,0.478,226,-0.5,5.7,-0.9,0.6,2151
Gleyber Torres,Yankees,10,43,3,7,5,0,9.30%,14.00%,0.308,0.333,0.333,0.395,0.641,0.436,189,0,4.3,0.4,0.6,16997
Jonathan Villar,Orioles,10,45,3,9,8,2,2.20%,17.80%,0.295,0.364,0.341,0.356,0.636,0.416,176,0.4,4.3,0.2,0.6,10071
Jorge Polanco,Twins,8,35,1,4,1,0,5.70%,17.10%,0.313,0.44,0.375,0.429,0.688,0.466,210,0,4.4,0.3,0.6,13152
Dansby Swanson,Braves,10,39,3,7,12,0,15.40%,17.90%,0.4,0.318,0.333,0.436,0.733,0.46,177,0,4,0.4,0.6,18314
Joey Gallo,Rangers,9,38,4,9,11,0,26.30%,26.30%,0.464,0.214,0.25,0.447,0.714,0.474,210,0,4.7,-0.4,0.6,14128
Alex Bregman,Astros,11,45,1,5,3,1,13.30%,13.30%,0.135,0.387,0.351,0.444,0.486,0.405,172,0.2,3.9,0.2,0.6,17678
Marcus Semien,Athletics,14,58,1,8,3,1,12.10%,13.80%,0.118,0.357,0.314,0.397,0.431,0.366,142,0.2,3,0.6,0.6,12533
Yandy Diaz,Rays,10,44,3,8,4,1,11.40%,11.40%,0.308,0.29,0.308,0.386,0.615,0.421,183,0.2,4.3,-0.4,0.5,16578
David Peralta,Diamondbacks,10,46,1,8,4,0,0.00%,17.40%,0.239,0.486,0.413,0.413,0.652,0.452,172,0,4.4,-0.5,0.5,2136
Freddie Freeman,Braves,10,46,1,8,5,0,21.70%,13.00%,0.194,0.448,0.389,0.522,0.583,0.471,184,-0.5,4.7,-0.7,0.5,5361
Matt Chapman,Athletics,14,58,3,6,6,0,8.60%,8.60%,0.216,0.279,0.294,0.379,0.51,0.384,155,-0.5,3.2,0.2,0.5,16505
Adam Jones,Diamondbacks,10,46,4,6,6,0,2.20%,13.00%,0.364,0.353,0.364,0.378,0.727,0.462,178,-0.4,4.4,-0.5,0.5,6368
Freddy Galvis,Blue Jays,11,37,3,5,6,0,8.10%,21.60%,0.324,0.348,0.324,0.378,0.647,0.43,186,0,3.6,0.4,0.5,6609
Willson Contreras,Cubs,9,33,3,7,7,0,18.20%,24.20%,0.423,0.333,0.308,0.455,0.731,0.487,195,-0.4,3.8,0.5,0.5,11609
Ryon Healy,Mariners,12,53,3,10,11,0,7.50%,17.00%,0.333,0.27,0.271,0.321,0.604,0.381,156,0,3.4,0,0.5,15447
DJ LeMahieu,Yankees,9,36,0,8,3,0,8.30%,13.90%,0.125,0.481,0.406,0.472,0.531,0.437,190,0,3.7,0.1,0.5,9874
Aaron Judge,Yankees,10,47,3,6,7,1,19.10%,34.00%,0.263,0.421,0.289,0.426,0.553,0.413,173,-0.3,3.7,-0.4,0.5,15640
Gary Sanchez,Yankees,9,40,6,6,9,0,5.00%,17.50%,0.5,0.13,0.25,0.325,0.75,0.439,191,0,4.2,-0.8,0.5,11442
Kevin Kiermaier,Rays,10,34,2,8,6,2,8.80%,32.40%,0.367,0.389,0.3,0.353,0.667,0.414,177,0.4,3.4,0.1,0.5,11038
Yoan Moncada,White Sox,9,41,2,9,11,0,7.30%,22.00%,0.263,0.37,0.316,0.366,0.579,0.4,166,0,3.1,0.1,0.5,17232
Clint Frazier,Yankees,6,23,3,3,9,0,4.30%,17.40%,0.429,0.4,0.429,0.435,0.857,0.523,252,0,4,-0.3,0.4,15983
Tyler Flowers,Braves,4,14,1,2,1,0,7.10%,28.60%,0.273,0.667,0.455,0.571,0.727,0.549,232,0,2.5,1.5,0.4,9134
Alex Avila,Diamondbacks,6,21,2,5,5,0,28.60%,23.80%,0.467,0.375,0.333,0.524,0.8,0.526,217,0,3.3,0.4,0.4,7476
Willians Astudillo,Twins,5,17,1,6,4,0,5.90%,0.00%,0.429,0.429,0.5,0.529,0.929,0.577,290,0,3.7,0,0.4,15608
Michael Conforto,Mets,9,41,2,9,4,0,4.90%,31.70%,0.243,0.5,0.351,0.415,0.595,0.424,162,0,3.4,-0.4,0.4,16376
Jason Heyward,Cubs,9,38,3,9,8,2,15.80%,10.50%,0.29,0.28,0.323,0.421,0.613,0.424,156,0.4,3.2,-0.2,0.4,4940
Carlos Santana,Indians,9,35,1,7,8,0,11.40%,8.60%,0.161,0.444,0.419,0.486,0.581,0.446,193,0,3.7,-0.7,0.4,2396
Victor Caratini,Cubs,5,14,1,4,4,0,21.40%,21.40%,0.364,0.714,0.545,0.643,0.909,0.634,286,0,3.5,0.2,0.4,14968
Hunter Renfroe,Padres,9,29,3,4,6,0,10.30%,17.20%,0.462,0.278,0.308,0.379,0.769,0.47,187,0,3.4,-0.3,0.4,15464
J.D. Martinez,Red Sox,11,47,3,5,8,0,10.60%,10.60%,0.214,0.324,0.333,0.404,0.548,0.403,161,0,3.3,-0.9,0.4,6184
Maikel Franco,Phillies,9,38,3,5,10,0,23.70%,5.30%,0.379,0.208,0.276,0.447,0.655,0.414,151,0,2.6,0.1,0.4,12179
Jeff McNeil,Mets,8,27,0,5,4,0,7.40%,11.10%,0.182,0.474,0.409,0.519,0.591,0.479,195,-0.4,3,-0.1,0.4,15362
Lorenzo Cain,Brewers,11,48,1,9,2,3,10.40%,14.60%,0.167,0.371,0.333,0.396,0.5,0.384,130,0.1,2.1,0.2,0.4,9077
Alex Gordon,Royals,9,39,2,9,10,0,15.40%,10.30%,0.214,0.25,0.286,0.436,0.5,0.402,164,0,2.8,-0.4,0.4,5209
Whit Merrifield,Royals,9,40,1,10,4,3,5.00%,10.00%,0.184,0.364,0.342,0.375,0.526,0.385,152,0.2,2.6,-0.2,0.4,11281
Elvis Andrus,Rangers,10,42,1,5,5,2,2.40%,21.40%,0.098,0.452,0.366,0.381,0.463,0.367,133,0.4,1.9,0.3,0.4,8709
Robinson Chirinos,Astros,9,29,1,2,4,0,13.80%,20.70%,0.292,0.294,0.25,0.357,0.542,0.381,155,0,1.8,0.9,0.4,3142
Brian Goodwin,Angels,9,25,1,6,3,0,8.00%,24.00%,0.261,0.5,0.391,0.44,0.652,0.462,213,0,3.2,-0.4,0.4,12858
Trea Turner,Nationals,4,15,2,4,4,4,6.70%,33.30%,0.5,0.429,0.357,0.4,0.857,0.515,211,0.8,3,0.1,0.4,16252
Jay Bruce,Mariners,11,50,6,10,11,0,10.00%,32.00%,0.442,0.091,0.186,0.28,0.628,0.368,147,0,2.7,-0.7,0.4,9892
Joc Pederson,Dodgers,10,40,3,9,6,0,12.50%,15.00%,0.333,0.182,0.233,0.4,0.567,0.408,150,0,2.6,-0.3,0.4,11899
Javier Baez,Cubs,10,47,4,9,9,2,6.40%,36.20%,0.273,0.348,0.273,0.319,0.545,0.366,120,0.4,1.6,0.4,0.4,12979
Jorge Alfaro,Marlins,8,27,3,4,6,0,0.00%,37.00%,0.36,0.333,0.28,0.333,0.64,0.408,151,0,1.8,0.9,0.4,12180
Mitch Moreland,Red Sox,11,36,3,4,9,0,13.90%,16.70%,0.387,0.227,0.258,0.361,0.645,0.417,172,0,2.9,-0.6,0.4,3086
Martin Prado,Marlins,9,23,0,3,2,0,8.70%,0.00%,0.143,0.476,0.476,0.522,0.619,0.491,203,0,3.1,-0.3,0.4,3312
George Springer,Astros,11,49,3,6,7,1,10.20%,26.50%,0.233,0.321,0.279,0.347,0.512,0.364,142,-0.3,2.1,-0.3,0.4,12856
Victor Robles,Nationals,9,34,2,8,4,1,11.80%,32.40%,0.31,0.375,0.276,0.382,0.586,0.409,145,0.2,2.2,0.1,0.3,18363
Adam Frazier,Pirates,9,39,1,5,3,2,10.30%,12.80%,0.176,0.357,0.324,0.41,0.5,0.396,140,0,2.1,0.1,0.3,15223
Wil Myers,Padres,11,40,3,5,5,2,5.00%,25.00%,0.263,0.36,0.316,0.35,0.579,0.393,140,0.4,2.5,-0.4,0.3,10047
Ozzie Albies,Braves,10,45,1,4,2,2,11.10%,8.90%,0.125,0.371,0.35,0.422,0.475,0.393,136,-0.5,1.7,0.1,0.3,16556
Alex Verdugo,Dodgers,10,20,2,4,6,0,0.00%,15.00%,0.5,0.333,0.35,0.35,0.85,0.493,203,0,2.7,-0.1,0.3,17027
Mallex Smith,Mariners,8,39,1,8,3,4,15.40%,23.10%,0.156,0.304,0.25,0.359,0.406,0.335,122,0.8,1.8,0.1,0.3,13608
Fernando Tatis Jr.,Padres,11,44,3,7,6,1,9.10%,29.50%,0.289,0.273,0.237,0.341,0.526,0.37,126,-0.2,1.3,0.5,0.3,19709
Russell Martin,Dodgers,6,22,1,7,2,0,22.70%,13.60%,0.267,0.333,0.333,0.5,0.6,0.459,182,0,2.4,0.1,0.3,4616
Mitch Haniger,Mariners,12,61,2,10,9,1,3.30%,26.20%,0.2,0.316,0.255,0.311,0.455,0.328,118,0.2,1.4,-0.3,0.3,14274
Nicholas Castellanos,Tigers,10,44,0,6,2,1,13.60%,27.30%,0.158,0.423,0.289,0.386,0.447,0.364,138,0.2,2.1,-0.5,0.3,11737
Paul DeJong,Cardinals,10,45,3,5,7,0,2.20%,28.90%,0.286,0.308,0.262,0.311,0.548,0.363,120,0,1.2,0.5,0.3,18015
Mark Canha,Athletics,9,27,2,5,3,0,29.60%,18.50%,0.316,0.167,0.211,0.444,0.526,0.42,182,0,2.5,-0.3,0.3,11445
Jose Altuve,Astros,11,47,2,5,4,1,8.50%,14.90%,0.186,0.294,0.279,0.34,0.465,0.348,131,-0.2,1.4,0,0.3,5417
Nelson Cruz,Twins,6,25,1,2,6,0,16.00%,24.00%,0.263,0.417,0.316,0.48,0.579,0.445,195,0,2.7,-0.5,0.3,2434
Adalberto Mondesi,Royals,9,39,1,6,6,1,0.00%,28.20%,0.316,0.346,0.263,0.263,0.579,0.345,123,0.2,1.2,0.4,0.3,13769
Leury Garcia,White Sox,7,33,0,9,1,2,3.00%,18.20%,0.063,0.462,0.375,0.394,0.438,0.364,140,0.4,1.9,0,0.3,5913
David Dahl,Rockies,10,39,2,4,6,0,7.70%,33.30%,0.286,0.476,0.343,0.385,0.629,0.419,139,0,2,-0.4,0.3,13744
Melky Cabrera,Pirates,9,26,0,3,3,1,3.80%,3.80%,0.08,0.458,0.44,0.462,0.52,0.428,160,0.2,2.3,-0.2,0.3,4022
Blake Swihart,Red Sox,7,18,1,4,4,0,5.60%,22.20%,0.25,0.455,0.375,0.444,0.625,0.456,200,0,2,0.2,0.3,13176
Richard Urena,Blue Jays,6,19,0,1,0,0,5.30%,26.30%,0.176,0.583,0.412,0.444,0.588,0.442,195,0,2.1,0.1,0.3,16411
Paul Goldschmidt,Cardinals,10,46,5,7,9,0,19.60%,28.30%,0.405,0.105,0.189,0.348,0.595,0.386,135,0,2.1,-0.8,0.3,9218
Manny Machado,Padres,11,46,2,6,5,1,15.20%,23.90%,0.179,0.308,0.256,0.37,0.436,0.355,116,0.2,1.1,0.2,0.3,11493
J.D. Davis,Mets,8,28,2,6,4,0,10.70%,21.40%,0.32,0.294,0.28,0.357,0.6,0.402,148,0,1.8,0.1,0.3,16219
Daniel Descalso,Cubs,9,29,1,7,4,0,10.30%,13.80%,0.192,0.381,0.346,0.414,0.538,0.41,148,0,1.8,0,0.3,8392
Carlos Correa,Astros,8,33,1,3,4,0,6.10%,30.30%,0.194,0.4,0.29,0.333,0.484,0.35,133,0,1.2,0.4,0.3,14162
Derek Dietrich,Reds,8,19,3,5,8,0,0.00%,15.80%,0.556,0.167,0.278,0.316,0.833,0.468,182,0,2.1,0,0.3,10542
Xander Bogaerts,Red Sox,10,42,1,4,2,0,14.30%,19.00%,0.167,0.296,0.25,0.357,0.417,0.341,117,0,0.8,0.4,0.3,12161
Hanser Alberto,Orioles,7,20,0,0,3,0,5.00%,5.00%,0.056,0.471,0.444,0.474,0.5,0.427,184,0,1.9,0.1,0.3,11902
Tommy Pham,Rays,11,50,0,6,3,5,16.00%,20.00%,0,0.355,0.275,0.4,0.275,0.32,109,0.9,1.5,-0.6,0.3,2967
Zack Greinke,Diamondbacks,2,5,2,2,4,0,0.00%,0.00%,1.2,0,0.4,0.4,1.6,0.805,390,0,1.9,0.5,0.3,1943
Wilson Ramos,Mets,9,31,0,5,6,0,3.20%,6.50%,0.033,0.429,0.4,0.419,0.433,0.376,132,0,1.3,0.3,0.3,1433
Christian Walker,Diamondbacks,9,31,3,6,6,1,6.50%,22.60%,0.414,0.263,0.276,0.323,0.69,0.408,145,0.2,2,-0.5,0.3,13419
Stephen Piscotty,Athletics,14,62,2,4,9,0,12.90%,19.40%,0.167,0.275,0.241,0.339,0.407,0.329,116,0,1.1,-0.6,0.3,13367
Ben Zobrist,Cubs,9,38,0,5,4,0,18.40%,10.50%,0,0.407,0.355,0.474,0.355,0.383,131,0,1.5,-0.3,0.3,7435
Max Muncy,Dodgers,10,40,3,4,10,0,15.00%,20.00%,0.344,0.217,0.25,0.35,0.594,0.375,130,0,1.6,-0.4,0.2,13301
Niko Goodrum,Tigers,10,38,0,4,3,0,18.40%,18.40%,0.194,0.333,0.258,0.395,0.452,0.371,143,-0.4,1.4,-0.3,0.2,12092
Nomar Mazara,Rangers,9,36,2,6,7,0,11.10%,16.70%,0.258,0.261,0.258,0.361,0.516,0.375,139,0,1.6,-0.5,0.2,14553
Kenta Maeda,Dodgers,2,6,0,2,0,0,0.00%,0.00%,0.5,0.5,0.5,0.5,1,0.623,283,0,1.5,0.6,0.2,18498
Jean Segura,Phillies,9,40,0,9,5,0,2.50%,12.50%,0.079,0.394,0.342,0.375,0.421,0.35,111,0,0.5,0.4,0.2,5933
Jhoulys Chacin,Brewers,3,5,1,2,1,0,20.00%,20.00%,0.75,0.5,0.5,0.6,1.25,0.718,337,0,1.6,0.5,0.2,2608
Ketel Marte,Diamondbacks,10,44,3,7,11,2,0.00%,18.20%,0.279,0.273,0.279,0.273,0.558,0.342,104,0.4,0.6,0.2,0.2,13613
Jon Lester,Cubs,4,5,0,1,2,0,40.00%,20.00%,0.333,1,0.667,0.8,1,0.704,329,0,1.5,0.5,0.2,4930
Brandon Woodruff,Brewers,2,4,0,1,0,0,25.00%,0.00%,0,1,1,1,1,0.836,410,0,1.6,0.4,0.2,16162
J.T. Realmuto,Phillies,9,37,1,6,5,0,13.50%,13.50%,0.133,0.2,0.2,0.324,0.333,0.297,78,-0.4,-1.5,2.5,0.2,11739
Corey Seager,Dodgers,11,48,1,6,5,0,16.70%,20.80%,0.125,0.31,0.25,0.375,0.375,0.331,102,0,0.1,0.4,0.2,13624
Tom Murphy,Mariners,2,9,0,1,0,0,33.30%,33.30%,0,1,0.5,0.667,0.5,0.526,260,0,1.6,0.2,0.2,13499
Max Kepler,Twins,8,37,3,4,6,0,8.10%,21.60%,0.265,0.261,0.265,0.324,0.529,0.363,135,-0.4,1.1,-0.2,0.2,12144
Odubel Herrera,Phillies,9,38,1,6,4,0,7.90%,13.20%,0.176,0.345,0.324,0.368,0.5,0.369,123,-0.4,0.7,0.1,0.2,11476
Jose Abreu,White Sox,9,40,3,7,9,0,7.50%,25.00%,0.297,0.25,0.243,0.3,0.541,0.354,133,0,1.5,-0.8,0.2,15676
Mookie Betts,Red Sox,11,48,2,9,6,0,10.40%,18.80%,0.214,0.281,0.262,0.333,0.476,0.337,114,0,0.7,-0.4,0.2,13611
Giancarlo Stanton,Yankees,3,15,0,1,0,0,46.70%,26.70%,0,0.5,0.25,0.6,0.25,0.442,193,0,1.6,-0.1,0.2,4949
Curtis Granderson,Marlins,8,28,2,4,4,0,21.40%,28.60%,0.333,0.25,0.238,0.393,0.571,0.4,146,-0.4,1.3,-0.3,0.2,4747
Shin-Soo Choo,Rangers,9,36,0,3,5,1,13.90%,25.00%,0.167,0.381,0.267,0.389,0.433,0.362,129,0.2,1.4,-0.7,0.2,3174
Starlin Castro,Marlins,10,41,2,6,4,0,2.40%,9.80%,0.175,0.294,0.3,0.317,0.475,0.339,108,0,0.4,0.1,0.2,4579
Jarrod Dyson,Diamondbacks,7,22,1,3,2,1,13.60%,22.70%,0.158,0.385,0.316,0.409,0.474,0.387,132,0.2,1.1,0.1,0.2,4866
Colin Moran,Pirates,9,18,1,2,3,0,22.20%,27.80%,0.286,0.375,0.286,0.444,0.571,0.418,154,0,1.3,0,0.2,16909
Dominic Smith,Mets,9,12,0,4,4,0,8.30%,8.30%,0,0.556,0.5,0.583,0.5,0.486,200,0,1.6,-0.1,0.2,15653
Dee Gordon,Mariners,11,46,0,6,7,5,4.30%,10.90%,0.025,0.324,0.3,0.318,0.325,0.281,84,1,0.1,0.2,0.2,8203
Francisco Cervelli,Pirates,9,34,0,6,0,0,11.80%,17.60%,0,0.304,0.241,0.353,0.241,0.285,72,0,-1.3,2,0.2,5275
Anthony Rizzo,Cubs,10,47,2,9,8,0,14.90%,19.10%,0.184,0.259,0.237,0.383,0.421,0.359,116,0,1,-0.7,0.2,3473
Andrew McCutchen,Phillies,9,41,2,9,5,0,19.50%,36.60%,0.242,0.313,0.212,0.366,0.455,0.359,117,0,0.9,-0.4,0.2,9847
Harrison Bader,Cardinals,9,35,2,4,3,0,14.30%,25.70%,0.241,0.278,0.241,0.353,0.483,0.361,119,-0.4,0.5,0.1,0.2,18030
Jason Martin,Pirates,3,9,0,1,1,1,11.10%,11.10%,0.125,0.571,0.5,0.556,0.625,0.51,211,0.2,1.5,-0.1,0.2,16429
Ronald Acuna Jr.,Braves,10,45,3,9,6,1,17.80%,15.60%,0.265,0.125,0.176,0.349,0.441,0.348,108,0.2,0.6,-0.4,0.2,18401
Khris Davis,Athletics,13,54,5,6,10,0,7.40%,18.50%,0.306,0.176,0.224,0.296,0.531,0.336,121,0,1.3,-1.4,0.2,9112
Hanley Ramirez,Indians,7,26,2,4,4,0,19.20%,38.50%,0.286,0.333,0.238,0.385,0.524,0.39,153,0,1.6,-0.8,0.2,8001
Nick Ahmed,Diamondbacks,10,43,0,10,6,2,4.70%,16.30%,0.128,0.353,0.308,0.326,0.436,0.321,91,0.4,-0.2,0.4,0.2,12147
Omar Narvaez,Mariners,9,40,2,8,6,0,2.50%,22.50%,0.154,0.286,0.256,0.275,0.41,0.295,94,0,-0.3,0.6,0.2,13338
Trevor Story,Rockies,11,45,4,7,9,0,11.10%,28.90%,0.308,0.227,0.231,0.333,0.538,0.37,109,-0.9,-0.3,0.5,0.2,12564
Franchy Cordero,Padres,9,20,0,2,1,1,20.00%,35.00%,0.067,0.556,0.333,0.45,0.4,0.378,130,0.2,1,0,0.2,14567
Madison Bumgarner,Giants,3,6,1,1,2,0,0.00%,50.00%,0.5,0.5,0.333,0.333,0.833,0.483,195,0,0.8,0.6,0.2,5524
Josh Bell,Pirates,9,38,2,5,8,0,7.90%,18.40%,0.273,0.28,0.273,0.342,0.545,0.362,120,0,1,-0.7,0.2,13145
Chad Pinder,Athletics,13,37,2,3,7,0,0.00%,13.50%,0.257,0.241,0.257,0.27,0.514,0.325,113,0,0.5,-0.2,0.2,15191
Mike Moustakas,Brewers,11,41,3,4,5,0,9.80%,17.10%,0.306,0.154,0.194,0.293,0.5,0.337,101,0,0,0.2,0.2,4892
Andrew Benintendi,Red Sox,11,47,0,4,5,1,8.50%,21.30%,0.098,0.375,0.293,0.348,0.39,0.321,103,0.2,0.3,-0.4,0.2,17901
Ji-Man Choi,Rays,9,35,0,2,5,1,5.70%,25.70%,0.065,0.435,0.323,0.371,0.387,0.333,119,0.2,0.9,-0.6,0.1,5452
Juan Soto,Nationals,9,39,1,8,5,1,12.80%,30.80%,0.176,0.381,0.265,0.359,0.441,0.35,108,0.2,0.6,-0.4,0.1,20123
Nick Markakis,Braves,10,41,0,7,8,0,9.80%,19.50%,0.081,0.414,0.324,0.39,0.405,0.353,111,0,0.6,-0.4,0.1,5930
Brandon Belt,Giants,11,42,3,4,8,1,7.10%,26.20%,0.263,0.25,0.237,0.31,0.5,0.345,110,0.2,0.8,-0.7,0.1,10264
Kurt Suzuki,Nationals,4,17,1,2,5,0,5.90%,0.00%,0.2,0.2,0.267,0.294,0.467,0.315,87,0,-0.3,1.1,0.1,8259
David Bote,Cubs,9,20,0,3,3,0,5.00%,15.00%,0.111,0.4,0.333,0.4,0.444,0.372,124,0,0.6,0.1,0.1,14593
Kyle Schwarber,Cubs,10,40,3,7,6,0,10.00%,17.50%,0.278,0.231,0.25,0.325,0.528,0.362,118,-0.4,0.5,-0.5,0.1,16478
Ryan Cordell,White Sox,5,6,1,1,3,0,0.00%,50.00%,0.667,0.5,0.333,0.333,1,0.543,269,0,1.2,-0.1,0.1,15181
Austin Meadows,Rays,10,38,2,2,6,1,10.50%,28.90%,0.206,0.286,0.235,0.316,0.441,0.318,108,0.2,0.5,-0.5,0.1,15672
Rowdy Tellez,Blue Jays,10,31,2,4,4,0,12.90%,25.80%,0.24,0.2,0.2,0.355,0.44,0.352,130,0,1,-0.8,0.1,15679
Jose Rondon,White Sox,5,21,1,3,2,0,4.80%,28.60%,0.25,0.308,0.25,0.286,0.5,0.332,117,0,0.4,0.1,0.1,14140
Justin Turner,Dodgers,11,48,0,7,7,0,8.30%,25.00%,0.024,0.4,0.293,0.375,0.317,0.316,93,0,-0.5,0.1,0.1,5235
Michael Perez,Rays,3,11,0,2,1,0,9.10%,27.30%,0.2,0.429,0.3,0.364,0.5,0.37,146,0,0.6,0.3,0.1,12977
Dylan Moore,Mariners,10,21,1,3,1,1,9.50%,38.10%,0.176,0.25,0.176,0.333,0.353,0.315,108,0.2,0.4,0.1,0.1,18042
Luke Weaver,Diamondbacks,3,3,1,1,2,0,0.00%,33.30%,1,0,0.333,0.333,1.333,0.671,307,0,0.8,0.3,0.1,16918
Matt Joyce,Braves,6,6,1,1,2,0,0.00%,50.00%,0.667,0.5,0.333,0.333,1,0.543,228,0,1,0,0.1,3353
Matt Carpenter,Cardinals,10,46,1,7,3,0,13.00%,26.10%,0.179,0.296,0.231,0.326,0.41,0.319,93,0,-0.4,0.2,0.1,8090
Jesus Sucre,Orioles,8,29,0,3,3,0,6.90%,17.20%,0.037,0.318,0.259,0.31,0.296,0.273,73,0,-0.9,1.1,0.1,5942
Yasmani Grandal,Brewers,9,32,1,6,2,1,6.30%,25.00%,0.138,0.381,0.31,0.344,0.448,0.338,102,0.2,0.3,-0.1,0.1,11368
Logan Forsythe,Rangers,4,17,0,4,0,0,11.80%,23.50%,0.143,0.4,0.286,0.412,0.429,0.375,138,0,0.7,-0.1,0.1,7185
Josh Phegley,Athletics,9,24,2,6,4,0,4.20%,12.50%,0.304,0.278,0.304,0.333,0.609,0.396,164,0,1.7,-1.4,0.1,9308
Carson Kelly,Diamondbacks,6,14,0,1,4,0,7.10%,21.40%,0.154,0.4,0.308,0.357,0.462,0.354,111,0,0.2,0.5,0.1,13620
Joey Rickard,Orioles,10,30,1,3,2,0,16.70%,23.30%,0.2,0.235,0.2,0.333,0.4,0.325,110,0,0.3,-0.2,0.1,13277
Yan Gomes,Nationals,6,21,0,2,1,0,4.80%,38.10%,0.105,0.455,0.263,0.333,0.368,0.312,85,0,-0.4,0.9,0.1,9627
David Freese,Dodgers,8,18,0,3,3,0,27.80%,22.20%,0.154,0.333,0.231,0.444,0.385,0.38,133,0,0.8,-0.2,0.1,9549
Ronald Guzman,Rangers,9,28,2,4,4,0,7.10%,35.70%,0.385,0.286,0.231,0.286,0.615,0.371,136,-0.4,0.7,-0.6,0.1,14388
Ramon Laureano,Athletics,13,47,2,5,5,1,2.10%,31.90%,0.152,0.345,0.261,0.277,0.413,0.296,92,-0.2,-0.7,0.2,0.1,17128
Troy Tulowitzki,Yankees,5,13,1,1,1,0,15.40%,30.80%,0.364,0.167,0.182,0.308,0.545,0.358,133,0,0.5,0.2,0.1,3531
Hernan Perez,Brewers,5,14,1,3,1,0,7.10%,50.00%,0.231,0.6,0.308,0.357,0.538,0.382,129,0,0.5,0.1,0.1,5751
Orlando Arcia,Brewers,10,37,2,5,6,0,10.80%,21.60%,0.182,0.261,0.242,0.324,0.424,0.317,89,0,-0.6,0.5,0.1,13185
Giovanny Urshela,Yankees,3,11,0,2,1,0,18.20%,18.20%,0.125,0.333,0.25,0.455,0.375,0.386,153,0,0.7,0,0.1,10681
Byron Buxton,Twins,7,21,0,3,2,2,4.80%,23.80%,0.158,0.357,0.263,0.333,0.421,0.311,98,0.4,0.4,0,0.1,14161
Guillermo Heredia,Rays,6,13,0,0,3,0,15.40%,23.10%,0.1,0.429,0.3,0.417,0.4,0.367,143,0,0.6,0,0.1,18721
Randal Grichuk,Blue Jays,11,41,3,6,5,0,7.30%,34.10%,0.324,0.15,0.162,0.244,0.486,0.307,98,0,-0.1,-0.2,0.1,10243
Mark Zagunis,Cubs,7,14,0,1,2,0,0.00%,28.60%,0.214,0.5,0.357,0.357,0.571,0.393,137,0,0.7,-0.1,0.1,16565
Brandon Lowe,Rays,10,35,1,3,3,1,5.70%,31.40%,0.152,0.333,0.242,0.286,0.394,0.294,91,0.2,-0.2,0,0.1,18882
Asdrubal Cabrera,Rangers,10,39,3,6,7,0,7.70%,28.20%,0.286,0.182,0.2,0.256,0.486,0.308,90,0,-0.5,0.1,0.1,4962
Jacob deGrom,Mets,2,5,1,1,1,0,0.00%,20.00%,0.6,0,0.2,0.2,0.8,0.403,148,0,0.3,0.5,0.1,10954
Chad Wallach,Marlins,4,12,0,1,0,0,16.70%,33.30%,0.1,0.5,0.3,0.417,0.4,0.367,125,0,0.4,0.2,0.1,17161
Charlie Culberson,Braves,3,3,1,1,2,0,0.00%,33.30%,1,0,0.333,0.333,1.333,0.671,308,0,0.8,0,0.1,3298
Brett Gardner,Yankees,10,44,1,6,2,2,13.60%,9.10%,0.132,0.212,0.211,0.318,0.342,0.297,89,0,-0.6,0,0.1,9927
Tyler Austin,- - -,3,8,0,2,0,0,25.00%,37.50%,0.167,0.667,0.333,0.5,0.5,0.44,179,0,0.8,-0.1,0.1,11850
A.J. Pollock,Dodgers,11,50,1,7,9,0,4.00%,8.00%,0.13,0.286,0.283,0.32,0.413,0.316,93,-0.4,-0.9,0.2,0.1,9256
Albert Pujols,Angels,11,42,1,4,2,0,14.30%,11.90%,0.114,0.241,0.229,0.357,0.343,0.32,110,0,0.5,-1,0.1,1177
Miguel Rojas,Marlins,8,26,0,2,5,0,7.70%,3.80%,0.083,0.304,0.292,0.346,0.375,0.319,96,0,-0.2,0.2,0.1,7802
Luke Voit,Yankees,10,46,2,4,9,0,15.20%,21.70%,0.162,0.2,0.189,0.348,0.351,0.321,106,0,0.3,-1,0.1,14811
Jacob Stallings,Pirates,2,6,0,1,0,0,0.00%,16.70%,0,0.6,0.5,0.5,0.5,0.441,169,0,0.5,0.1,0.1,13723
Michael Brantley,Astros,11,43,2,4,7,1,7.00%,9.30%,0.175,0.235,0.25,0.302,0.425,0.306,101,-0.2,-0.2,-0.4,0.1,4106
Ryan Braun,Brewers,9,36,3,4,12,0,0.00%,27.80%,0.306,0.261,0.25,0.25,0.556,0.335,100,0,0,-0.3,0.1,3410
Ryan O'Hearn,Royals,8,29,1,3,4,0,13.80%,17.20%,0.16,0.263,0.24,0.345,0.4,0.33,112,0,0.4,-0.6,0.1,16442
Matt Strahm,Padres,2,2,0,0,0,0,0.00%,50.00%,0.5,1,0.5,0.5,1,0.623,282,0,0.5,0.2,0.1,13799
John Ryan Murphy,Diamondbacks,4,13,1,2,1,0,15.40%,38.50%,0.273,0.2,0.182,0.308,0.455,0.33,96,0,-0.1,0.4,0.1,10346
Kris Bryant,Cubs,10,48,1,6,6,0,8.30%,25.00%,0.163,0.3,0.233,0.313,0.395,0.311,86,0,-0.9,0.1,0.1,15429
Zack Godley,Diamondbacks,2,5,0,2,1,0,0.00%,40.00%,0,0.667,0.4,0.4,0.4,0.353,111,0,0.1,0.5,0.1,14862
Yuli Gurriel,Astros,10,40,0,2,1,0,7.50%,12.50%,0.135,0.313,0.27,0.325,0.405,0.318,110,-0.4,0,-0.6,0.1,19198
Pablo Sandoval,Giants,11,13,0,2,3,0,0.00%,30.80%,0.231,0.444,0.308,0.308,0.538,0.355,116,0,0.3,0,0.1,5409
Renato Nunez,Orioles,9,33,1,4,5,0,9.10%,24.20%,0.138,0.35,0.276,0.364,0.414,0.344,124,-0.4,0.5,-0.9,0.1,14503
Eric Thames,Brewers,10,18,2,2,6,0,0.00%,55.60%,0.353,0.4,0.235,0.278,0.588,0.362,117,0,0.4,-0.3,0.1,3711
Terrance Gore,Royals,4,1,0,2,0,1,0.00%,0.00%,0,1,1,1,1,0.882,511,0.2,0.7,0,0.1,13658
Julio Urias,Dodgers,2,3,0,0,1,0,0.00%,33.30%,0,1,0.5,0.5,0.5,0.441,171,0,0.3,0.3,0.1,14765
Robbie Grossman,Athletics,10,39,1,6,4,2,5.10%,17.90%,0.135,0.276,0.243,0.282,0.378,0.287,85,0.4,-0.3,-0.4,0.1,5254
Christin Stewart,Tigers,10,39,2,4,10,0,12.80%,28.20%,0.313,0.19,0.188,0.282,0.5,0.309,99,0,-0.1,-0.6,0.1,17714
Manuel Margot,Padres,11,29,0,3,3,1,3.40%,20.70%,0.107,0.364,0.286,0.31,0.393,0.305,85,0.2,-0.4,0.1,0.1,14712
Brandon Crawford,Giants,11,40,0,3,1,0,2.50%,25.00%,0.053,0.393,0.289,0.325,0.342,0.296,80,0,-1.1,0.5,0.1,5343
Austin Romine,Yankees,2,8,1,1,2,0,0.00%,25.00%,0.375,0.2,0.25,0.25,0.625,0.362,136,0,0.3,0.1,0.1,5491
JB Shuck,Pirates,8,20,0,2,1,0,25.00%,20.00%,0,0.3,0.214,0.45,0.214,0.342,107,0,0.2,-0.2,0.1,6677
Brock Stewart,Dodgers,3,3,0,1,0,0,0.00%,0.00%,0.333,0.333,0.333,0.333,0.667,0.415,155,0,0.2,0.3,0.1,16727
Trevor Williams,Pirates,2,5,0,0,2,0,20.00%,20.00%,0,0.333,0.25,0.4,0.25,0.315,91,0,-0.1,0.5,0.1,16977
Gordon Beckham,Tigers,4,10,1,1,1,0,10.00%,30.00%,0.375,0,0.125,0.3,0.5,0.343,123,0,0.3,0,0.1,9015
Buster Posey,Giants,8,32,0,1,0,0,9.40%,18.80%,0.103,0.261,0.207,0.281,0.31,0.265,60,0,-1.7,1.2,0.1,9166
Ildemaro Vargas,Diamondbacks,5,9,1,2,2,0,0.00%,11.10%,0.444,0.143,0.222,0.222,0.667,0.362,116,0,0.2,0,0.1,13324
Jake Marisnick,Astros,6,17,1,3,1,0,11.80%,29.40%,0.2,0.333,0.267,0.353,0.467,0.356,137,-0.8,-0.1,0.1,0.1,11339
Kyle Freeland,Rockies,3,4,0,0,0,0,50.00%,50.00%,0,0,0,0.5,0,0.347,95,0,0,0.4,0,16256
Yonder Alonso,White Sox,9,35,1,3,4,0,25.70%,14.30%,0.115,0.15,0.154,0.371,0.269,0.312,102,0,0.1,-0.8,0,2530
Manny Pina,Brewers,4,12,0,1,1,0,25.00%,8.30%,0,0.25,0.222,0.417,0.222,0.321,91,0,-0.2,0.3,0,2829
Keon Broxton,Mets,8,15,0,1,1,2,13.30%,33.30%,0,0.5,0.308,0.4,0.308,0.328,102,0,0,0,0,9253
David Price,Red Sox,2,2,0,0,1,0,0.00%,50.00%,0,1,0.5,0.5,0.5,0.441,189,0,0.2,0.2,0,3184
Tony Kemp,Astros,7,22,1,3,2,1,9.10%,18.20%,0.158,0.214,0.211,0.318,0.368,0.308,102,0.2,0.2,-0.5,0,14894
Eugenio Suarez,Reds,9,32,1,2,2,0,18.80%,21.90%,0.192,0.222,0.192,0.344,0.385,0.326,94,-0.4,-0.7,0.1,0,12552
Ender Inciarte,Braves,10,40,1,5,2,1,15.00%,20.00%,0.176,0.24,0.206,0.325,0.382,0.313,86,-0.2,-1,0.1,0,4922
Steven Brault,Pirates,2,2,0,0,0,0,0.00%,50.00%,0,1,0.5,0.5,0.5,0.441,169,0,0.2,0.2,0,15291
Tony Wolters,Rockies,7,19,0,1,1,0,5.30%,5.30%,0.111,0.235,0.222,0.263,0.333,0.261,41,0,-1.5,1.3,0,11470
Andrew Stevenson,Nationals,6,6,0,2,0,0,16.70%,33.30%,0,0.5,0.25,0.5,0.25,0.384,130,0,0.2,0,0,17932
Brian McCann,Braves,5,19,0,0,4,0,21.10%,10.50%,0,0.308,0.286,0.421,0.286,0.312,85,0,-0.4,0.2,0,4810
Corey Dickerson,Pirates,4,16,1,1,2,0,18.80%,18.80%,0.308,0.111,0.154,0.313,0.462,0.334,102,0,0,-0.1,0,10762
Jack Flaherty,Cardinals,3,4,0,1,0,0,0.00%,0.00%,0,0.333,0.333,0.333,0.333,0.294,78,0,-0.1,0.4,0,17479
Hunter Pence,Rangers,5,16,0,4,1,1,6.30%,12.50%,0,0.385,0.333,0.375,0.333,0.319,98,0.2,0.2,-0.3,0,8252
Corbin Burnes,Brewers,2,4,0,0,0,0,0.00%,0.00%,0,0.333,0.333,0.333,0.333,0.294,75,0,-0.1,0.4,0,19361
David Fletcher,Angels,10,31,0,2,2,1,0.00%,3.20%,0.032,0.3,0.29,0.29,0.323,0.268,73,0.2,-0.8,0.1,0,17992
Tyler Naquin,Indians,7,23,0,1,1,1,0.00%,39.10%,0.087,0.5,0.304,0.304,0.391,0.3,88,0.2,-0.1,-0.3,0,13359
Ryan Zimmerman,Nationals,9,38,1,1,8,0,18.40%,13.20%,0.133,0.24,0.233,0.368,0.367,0.33,96,0,-0.2,-0.6,0,4220
Matt Wieters,Cardinals,1,1,0,0,0,0,0.00%,0.00%,0,0,0,1,0,0.725,344,0,0.3,0,0,4298
Mitch Garver,Twins,4,10,0,2,2,0,0.00%,10.00%,0.1,0.333,0.3,0.3,0.4,0.301,91,0,-0.1,0.1,0,15161
Jon Gray,Rockies,2,4,0,0,0,0,0.00%,50.00%,0,1,0.333,0.333,0.333,0.294,62,0,-0.2,0.4,0,14916
Caleb Smith,Marlins,3,3,0,0,1,0,0.00%,33.30%,0,0.5,0.333,0.333,0.333,0.294,81,0,-0.1,0.3,0,14875
Pablo Lopez,Marlins,2,3,0,0,0,0,0.00%,33.30%,0,0.5,0.333,0.333,0.333,0.294,81,0,-0.1,0.3,0,17085
Christian Vazquez,Red Sox,8,26,1,4,2,1,7.70%,23.10%,0.208,0.176,0.167,0.231,0.375,0.243,47,0.2,-1.4,0.8,0,9774
Jonathan Schoop,Twins,7,27,0,3,1,0,7.40%,25.90%,0.043,0.313,0.217,0.333,0.261,0.282,77,0,-0.7,0.1,0,11265
Kevin Gausman,Braves,1,3,0,0,0,0,0.00%,33.30%,0,0.5,0.333,0.333,0.333,0.294,74,0,-0.1,0.3,0,14107
J.T. Riddle,Marlins,9,20,2,3,3,0,0.00%,30.00%,0.3,0.167,0.2,0.2,0.5,0.29,78,0,-0.6,0.2,0,17642
Kevin Newman,Pirates,6,12,0,0,2,0,8.30%,25.00%,0.091,0.375,0.273,0.333,0.364,0.309,87,0,-0.2,0.1,0,17696
Austin Hedges,Padres,7,25,1,1,3,0,8.00%,20.00%,0.136,0.25,0.227,0.32,0.364,0.29,76,0,-0.8,0.3,0,12976
Tyler Anderson,Rockies,2,3,0,1,0,0,0.00%,33.30%,0,0.5,0.333,0.333,0.333,0.294,62,0,-0.2,0.3,0,12880
Christian Arroyo,Rays,4,9,0,0,2,0,0.00%,55.60%,0,0.75,0.333,0.333,0.333,0.294,91,0,-0.1,0,0,16434
Tucker Barnhart,Reds,8,25,0,1,0,0,12.00%,16.00%,0.045,0.333,0.273,0.36,0.318,0.31,84,0,-0.6,0,0,10200
Miguel Cabrera,Tigers,10,42,0,1,2,0,16.70%,23.80%,0,0.333,0.235,0.381,0.235,0.301,93,0,-0.4,-0.9,0,1744
Luke Maile,Blue Jays,4,11,0,1,0,0,9.10%,27.30%,0.1,0.286,0.2,0.273,0.3,0.257,61,0,-0.5,0.3,0,13355
James McCann,White Sox,5,19,0,1,0,0,0.00%,15.80%,0.105,0.375,0.316,0.316,0.421,0.317,106,0,0.1,-0.6,0,12859
Josh Reddick,Astros,9,32,0,1,0,0,9.40%,12.50%,0,0.32,0.276,0.344,0.276,0.286,86,0,-0.5,-0.4,0,3892
Howie Kendrick,Nationals,2,7,0,2,1,0,28.60%,14.30%,0,0.25,0.25,0.429,0.25,0.325,93,0,-0.1,0,0,4229
Cam Gallagher,Royals,2,3,0,0,0,0,0.00%,0.00%,0,0.333,0.333,0.333,0.333,0.294,87,0,0,0.1,0,12981
Adam Wainwright,Cardinals,2,3,0,0,0,0,33.30%,33.30%,0,0,0,0.333,0,0.232,39,0,-0.2,0.3,0,2233
Kyle Hendricks,Cubs,2,3,0,0,0,0,33.30%,33.30%,0,0,0,0.333,0,0.232,37,0,-0.3,0.3,0,12049
Yangervis Solarte,Giants,9,26,0,3,2,0,11.50%,15.40%,0.087,0.316,0.261,0.346,0.348,0.296,80,0,-0.7,0,0,5352
Luis Guillorme,Mets,4,5,0,1,0,0,20.00%,20.00%,0,0.333,0.25,0.4,0.25,0.315,94,0,0,0,0,16451
John Hicks,Tigers,5,18,0,1,1,0,11.10%,16.70%,0.063,0.154,0.125,0.222,0.188,0.195,17,0,-1.7,1.3,0,12547
Kevin Plawecki,Indians,4,11,1,1,1,0,9.10%,27.30%,0.3,0,0.1,0.182,0.4,0.246,49,0,-0.6,0.4,0,13807
Chris Iannetta,Rockies,7,25,1,2,2,0,12.00%,32.00%,0.19,0.25,0.19,0.32,0.381,0.313,74,0,-0.9,0.2,0,8267
Yairo Munoz,Cardinals,4,5,0,1,0,0,20.00%,40.00%,0,0.5,0.25,0.4,0.25,0.315,91,0,-0.1,0,0,16313
Rafael Devers,Red Sox,11,45,0,7,0,1,11.10%,20.00%,0.05,0.29,0.225,0.311,0.275,0.27,66,0.2,-1.6,0.1,0,17350
Cedric Mullins II,Orioles,9,30,0,6,3,0,3.30%,16.70%,0.167,0.2,0.167,0.276,0.333,0.268,69,0,-1.1,0.1,0,17929
Sandy Alcantara,Marlins,2,5,0,0,0,0,0.00%,60.00%,0,0.5,0.2,0.2,0.2,0.176,8,0,-0.6,0.5,0,18684
Joey Votto,Reds,9,35,1,4,1,0,11.40%,17.10%,0.194,0.25,0.226,0.314,0.419,0.319,90,0,-0.5,-0.6,0,4314
Miles Mikolas,Cardinals,3,5,0,0,0,0,0.00%,40.00%,0,0.333,0.2,0.2,0.2,0.176,5,0,-0.6,0.5,0,9803
Isiah Kiner-Falefa,Rangers,5,20,0,1,2,0,10.00%,20.00%,0.063,0.417,0.313,0.421,0.375,0.363,130,0,0.7,-1.3,0,16512
Fernando Rodney,Athletics,7,0,0,0,0,0,0.00%,0.00%,0,0,0,0,0,0,,0,0,0,0,494
Marco Estrada,Athletics,4,0,0,0,0,0,0.00%,0.00%,0,0,0,0,0,0,,0,0,0,0,1118
Adam Ottavino,Yankees,6,0,0,0,0,0,0.00%,0.00%,0,0,0,0,0,0,,0,0,0,0,1247
Jon Edwards,Indians,4,0,0,0,0,0,0.00%,0.00%,0,0,0,0,0,0,,0,0,0,0,1483
Oliver Perez,Indians,4,0,0,0,0,0,0.00%,0.00%,0,0,0,0,0,0,,0,0,0,0,1514
Sean Doolittle,Nationals,4,0,0,0,0,0,0.00%,0.00%,0,0,0,0,0,0,,0,0,0,0,1581
Matt Moore,Tigers,2,0,0,0,0,0,0.00%,0.00%,0,0,0,0,0,0,,0,0,0,0,1890
Ivan Nova,White Sox,2,0,0,0,0,0,0.00%,0.00%,0,0,0,0,0,0,,0,0,0,0,1994
Hector Rondon,Astros,4,0,0,0,0,0,0.00%,0.00%,0,0,0,0,0,0,,0,0,0,0,2391
Corey Kluber,Indians,2,0,0,0,0,0,0.00%,0.00%,0,0,0,0,0,0,,0,0,0,0,2429
Lance Lynn,Rangers,2,0,0,0,0,0,0.00%,0.00%,0,0,0,0,0,0,,0,0,0,0,2520
Luis Avilan,Mets,3,0,0,0,0,0,0.00%,0.00%,0,0,0,0,0,0,,0,0,0,0,2882
Tony Watson,Giants,4,0,0,0,0,0,0.00%,0.00%,0,0,0,0,0,0,,0,0,0,0,3132
Will Harris,Astros,4,0,0,0,0,0,0.00%,0.00%,0,0,0,0,0,0,,0,0,0,0,3192
Francisco Liriano,Pirates,4,0,0,0,0,0,0.00%,0.00%,0,0,0,0,0,0,,0,0,0,0,3201
Zack Britton,Yankees,5,0,0,0,0,0,0.00%,0.00%,0,0,0,0,0,0,,0,0,0,0,3240
Liam Hendriks,Athletics,7,0,0,0,0,0,0.00%,0.00%,0,0,0,0,0,0,,0,0,0,0,3548
Zach Duke,Reds,5,0,0,0,0,0,0.00%,0.00%,0,0,0,0,0,0,,0,0,0,0,3840
Edinson Volquez,Rangers,2,0,0,0,0,0,0.00%,0.00%,0,0,0,0,0,0,,0,0,0,0,3990
Allen Webster,Cubs,2,0,0,0,0,0,0.00%,0.00%,0,0,0,0,0,0,,0,0,0,0,3993
Yusmeiro Petit,Athletics,5,0,0,0,0,0,0.00%,0.00%,0,0,0,0,0,0,,0,0,0,0,4020
Pedro Strop,Cubs,4,0,0,0,0,0,0.00%,0.00%,0,0,0,0,0,0,,0,0,0,0,4070
David Hernandez,Reds,5,0,0,0,0,0,0.00%,0.00%,0,0,0,0,0,0,,0,0,0,0,4259
Mark Melancon,Giants,5,0,0,0,0,0,0.00%,0.00%,0,0,0,0,0,0,,0,0,0,0,4264
Matt Albers,Brewers,3,0,0,0,0,0,0.00%,0.00%,0,0,0,0,0,0,,0,0,0,0,4300
Justin Wilson,Mets,5,0,0,0,0,0,0.00%,0.00%,0,0,0,0,0,0,,0,0,0,0,4301
Tyler Chatwood,Cubs,3,0,0,0,0,0,0.00%,0.00%,0,0,0,0,0,0,,0,0,0,0,4338
Jeremy Hellickson,Nationals,1,0,0,0,0,0,0.00%,0.00%,0,0,0,0,0,0,,0,0,0,0,4371
Jordan Zimmermann,Tigers,2,0,0,0,0,0,0.00%,0.00%,0,0,0,0,0,0,,0,0,0,0,4505
Charlie Morton,Rays,2,0,0,0,0,0,0.00%,0.00%,0,0,0,0,0,0,,0,0,0,0,4676
Pat Neshek,Phillies,6,0,0,0,0,0,0.00%,0.00%,0,0,0,0,0,0,,0,0,0,0,4682
Nate Jones,White Sox,5,0,0,0,0,0,0.00%,0.00%,0,0,0,0,0,0,,0,0,0,0,4696
Felix Hernandez,Mariners,2,0,0,0,0,0,0.00%,0.00%,0,0,0,0,0,0,,0,0,0,0,4772
Matt Shoemaker,Blue Jays,2,0,0,0,0,0,0.00%,0.00%,0,0,0,0,0,0,,0,0,0,0,4776
Mike Montgomery,Cubs,4,0,0,0,0,0,0.00%,0.00%,0,0,0,0,0,0,,0,0,0,0,4869
Jake Diekman,Royals,5,0,0,0,0,0,0.00%,0.00%,0,0,0,0,0,0,,0,0,0,0,5003
Jeurys Familia,Mets,5,0,0,0,0,0,0.00%,0.00%,0,0,0,0,0,0,,0,0,0,0,5114
Wade LeBlanc,Mariners,2,0,0,0,0,0,0.00%,0.00%,0,0,0,0,0,0,,0,0,0,0,5221
Blake Parker,Twins,4,0,0,0,0,0,0.00%,0.00%,0,0,0,0,0,0,,0,0,0,0,5224
Wilmer Font,Rays,3,0,0,0,0,0,0.00%,0.00%,0,0,0,0,0,0,,0,0,0,0,5257
Jose Alvarez,Phillies,3,0,0,0,0,0,0.00%,0.00%,0,0,0,0,0,0,,0,0,0,0,5358
Manny Banuelos,White Sox,2,0,0,0,0,0,0.00%,0.00%,0,0,0,0,0,0,,0,0,0,0,5365
Brad Peacock,Astros,2,0,0,0,0,0,0.00%,0.00%,0,0,0,0,0,0,,0,0,0,0,5401
Pedro Baez,Dodgers,6,0,0,0,0,0,0.00%,0.00%,0,0,0,0,0,0,,0,0,0,0,5420
Jesse Chavez,Rangers,5,0,0,0,0,0,0.00%,0.00%,0,0,0,0,0,0,,0,0,0,0,5448
Arodys Vizcaino,Braves,4,0,0,0,0,0,0.00%,0.00%,0,0,0,0,0,0,,0,0,0,0,5498
Ryan Brasier,Red Sox,5,0,0,0,0,0,0.00%,0.00%,0,0,0,0,0,0,,0,0,0,0,5615
Junior Guerra,Brewers,4,0,0,0,0,0,0.00%,0.00%,0,0,0,0,0,0,,0,0,0,0,5702
Kelvin Herrera,White Sox,5,0,0,0,0,0,0.00%,0.00%,0,0,0,0,0,0,,0,0,0,0,6033
Trevor Cahill,Angels,3,0,0,0,0,0,0.00%,0.00%,0,0,0,0,0,0,,0,0,0,0,6249
Jake Odorizzi,Twins,2,0,0,0,0,0,0.00%,0.00%,0,0,0,0,0,0,,0,0,0,0,6397
Trevor May,Twins,4,0,0,0,0,0,0.00%,0.00%,0,0,0,0,0,0,,0,0,0,0,6398
Steve Cishek,Cubs,5,0,0,0,0,0,0.00%,0.00%,0,0,0,0,0,0,,0,0,0,0,6483
Blaine Hardy,Tigers,3,0,0,0,0,0,0.00%,0.00%,0,0,0,0,0,0,,0,0,0,0,6499
Alex Cobb,Orioles,1,0,0,0,0,0,0.00%,0.00%,0,0,0,0,0,0,,0,0,0,0,6562
Robert Stock,Padres,5,0,0,0,0,0,0.00%,0.00%,0,0,0,0,0,0,,0,0,0,0,6576
Carlos Carrasco,Indians,2,0,0,0,0,0,0.00%,0.00%,0,0,0,0,0,0,,0,0,0,0,6632
Alex Colome,White Sox,4,0,0,0,0,0,0.00%,0.00%,0,0,0,0,0,0,,0,0,0,0,6661
Andrew Miller,Cardinals,6,0,0,0,0,0,0.00%,0.00%,0,0,0,0,0,0,,0,0,0,0,6785
Joakim Soria,Athletics,7,0,0,0,0,0,0.00%,0.00%,0,0,0,0,0,0,,0,0,0,0,6941
Luis Garcia,Angels,5,0,0,0,0,0,0.00%,0.00%,0,0,0,0,0,0,,0,0,0,0,6984
Ian Kennedy,Royals,4,0,0,0,0,0,0.00%,0.00%,0,0,0,0,0,0,,0,0,0,0,6986
Ryan Pressly,Astros,4,0,0,0,0,0,0.00%,0.00%,0,0,0,0,0,0,,0,0,0,0,7005
Daniel Hudson,Blue Jays,5,0,0,0,0,0,0.00%,0.00%,0,0,0,0,0,0,,0,0,0,0,7146
Jonny Venters,Braves,3,0,0,0,0,0,0.00%,0.00%,0,0,0,0,0,0,,0,0,0,0,7175
Greg Holland,Diamondbacks,3,0,0,0,0,0,0.00%,0.00%,0,0,0,0,0,0,,0,0,0,0,7196
Craig Stammen,Padres,6,0,0,0,0,0,0.00%,0.00%,0,0,0,0,0,0,,0,0,0,0,7274
Dan Otero,Indians,3,0,0,0,0,0,0.00%,0.00%,0,0,0,0,0,0,,0,0,0,0,7385
Javy Guerra,Blue Jays,5,0,0,0,0,0,0.00%,0.00%,0,0,0,0,0,0,,0,0,0,0,7407
J.A. Happ,Yankees,2,0,0,0,0,0,0.00%,0.00%,0,0,0,0,0,0,,0,0,0,0,7410
Wade Davis,Rockies,3,0,0,0,0,0,0.00%,0.00%,0,0,0,0,0,0,,0,0,0,0,7441
Anthony Swarzak,Mariners,2,0,0,0,0,0,0.00%,0.00%,0,0,0,0,0,0,,0,0,0,0,7466
Collin McHugh,Astros,2,0,0,0,0,0,0.00%,0.00%,0,0,0,0,0,0,,0,0,0,0,7531
Jake McGee,Rockies,2,0,0,0,0,0,0.00%,0.00%,0,0,0,0,0,0,,0,0,0,0,7550
Nick Vincent,Giants,5,0,0,0,0,0,0.00%,0.00%,0,0,0,0,0,0,,0,0,0,0,7555
Neil Ramirez,Indians,4,0,0,0,0,0,0.00%,0.00%,0,0,0,0,0,0,,0,0,0,0,7677
Juan Nicasio,Phillies,3,0,0,0,0,0,0.00%,0.00%,0,0,0,0,0,0,,0,0,0,0,7731
Wily Peralta,Royals,4,0,0,0,0,0,0.00%,0.00%,0,0,0,0,0,0,,0,0,0,0,7738
Mike Fiers,Athletics,4,0,0,0,0,0,0.00%,0.00%,0,0,0,0,0,0,,0,0,0,0,7754
Shawn Kelley,Rangers,5,0,0,0,0,0,0.00%,0.00%,0,0,0,0,0,0,,0,0,0,0,7773
Richard Bleier,Orioles,3,0,0,0,0,0,0.00%,0.00%,0,0,0,0,0,0,,0,0,0,0,7803
Hunter Strickland,Mariners,3,0,0,0,0,0,0.00%,0.00%,0,0,0,0,0,0,,0,0,0,0,7836
Tyson Ross,Tigers,2,0,0,0,0,0,0.00%,0.00%,0,0,0,0,0,0,,0,0,0,0,7872
Cory Gearrin,Mariners,6,0,0,0,0,0,0.00%,0.00%,0,0,0,0,0,0,,0,0,0,0,7947
Will Smith,Giants,3,0,0,0,0,0,0.00%,0.00%,0,0,0,0,0,0,,0,0,0,0,8048
Bryan Shaw,Rockies,6,0,0,0,0,0,0.00%,0.00%,0,0,0,0,0,0,,0,0,0,0,8110
Brett Anderson,Athletics,2,0,0,0,0,0,0.00%,0.00%,0,0,0,0,0,0,,0,0,0,0,8223
David Robertson,Phillies,6,0,0,0,0,0,0.00%,0.00%,0,0,0,0,0,0,,0,0,0,0,8241
Tony Sipp,Nationals,6,0,0,0,0,0,0.00%,0.00%,0,0,0,0,0,0,,0,0,0,0,8280
Homer Bailey,Royals,2,0,0,0,0,0,0.00%,0.00%,0,0,0,0,0,0,,0,0,0,0,8362
Justin Miller,Nationals,6,0,0,0,0,0,0.00%,0.00%,0,0,0,0,0,0,,0,0,0,0,8580
Justin Verlander,Astros,3,0,0,0,0,0,0.00%,0.00%,0,0,0,0,0,0,,0,0,0,0,8700
Wade Miley,Astros,2,0,0,0,0,0,0.00%,0.00%,0,0,0,0,0,0,,0,0,0,0,8779
Andrew Cashner,Orioles,3,0,0,0,0,0,0.00%,0.00%,0,0,0,0,0,0,,0,0,0,0,8782
Adam Warren,Padres,3,0,0,0,0,0,0.00%,0.00%,0,0,0,0,0,0,,0,0,0,0,9029
Jeanmar Gomez,Rangers,4,0,0,0,0,0,0.00%,0.00%,0,0,0,0,0,0,,0,0,0,0,9033
Kirby Yates,Padres,7,0,0,0,0,0,0.00%,0.00%,0,0,0,0,0,0,,0,0,0,0,9073
Brad Hand,Indians,5,0,0,0,0,0,0.00%,0.00%,0,0,0,0,0,0,,0,0,0,0,9111
Nathan Eovaldi,Red Sox,2,0,0,0,0,0,0.00%,0.00%,0,0,0,0,0,0,,0,0,0,0,9132
Alex Wilson,Brewers,5,0,0,0,0,0,0.00%,0.00%,0,0,0,0,0,0,,0,0,0,0,9239
Jared Hughes,Reds,5,0,0,0,0,0,0.00%,0.00%,0,0,0,0,0,0,,0,0,0,0,9325
Josh Tomlin,Braves,1,0,0,0,0,0,0.00%,0.00%,0,0,0,0,0,0,,0,0,0,0,9388
Zac Rosscup,Mariners,6,0,0,0,0,0,0.00%,0.00%,0,0,0,0,0,0,,0,0,0,0,9419
Ryan Buchter,Athletics,8,0,0,0,0,0,0.00%,0.00%,0,0,0,0,0,0,,0,0,0,0,9456
Dan Straily,Orioles,1,0,0,0,0,0,0.00%,0.00%,0,0,0,0,0,0,,0,0,0,0,9460
Sergio Romo,Marlins,4,0,0,0,0,0,0.00%,0.00%,0,0,0,0,0,0,,0,0,0,0,9817
Chaz Roe,Rays,6,0,0,0,0,0,0.00%,0.00%,0,0,0,0,0,0,,0,0,0,0,9866
Brandon Kintzler,Cubs,5,0,0,0,0,0,0.00%,0.00%,0,0,0,0,0,0,,0,0,0,0,9939
Mike Dunn,Rockies,5,0,0,0,0,0,0.00%,0.00%,0,0,0,0,0,0,,0,0,0,0,9948
Mike Minor,Rangers,2,0,0,0,0,0,0.00%,0.00%,0,0,0,0,0,0,,0,0,0,0,10021
Kyle Gibson,Twins,1,0,0,0,0,0,0.00%,0.00%,0,0,0,0,0,0,,0,0,0,0,10123
Mike Leake,Mariners,2,0,0,0,0,0,0.00%,0.00%,0,0,0,0,0,0,,0,0,0,0,10130
Brad Boxberger,Royals,5,0,0,0,0,0,0.00%,0.00%,0,0,0,0,0,0,,0,0,0,0,10133
Tyler Skaggs,Angels,2,0,0,0,0,0,0.00%,0.00%,0,0,0,0,0,0,,0,0,0,0,10190
Shelby Miller,Rangers,2,0,0,0,0,0,0.00%,0.00%,0,0,0,0,0,0,,0,0,0,0,10197
Aroldis Chapman,Yankees,5,0,0,0,0,0,0.00%,0.00%,0,0,0,0,0,0,,0,0,0,0,10233
Aaron Loup,Padres,4,0,0,0,0,0,0.00%,0.00%,0,0,0,0,0,0,,0,0,0,0,10343
Robbie Erlin,Padres,3,0,0,0,0,0,0.00%,0.00%,0,0,0,0,0,0,,0,0,0,0,10354
Mychal Givens,Orioles,4,0,0,0,0,0,0.00%,0.00%,0,0,0,0,0,0,,0,0,0,0,10430
Scott Alexander,Dodgers,6,0,0,0,0,0,0.00%,0.00%,0,0,0,0,0,0,,0,0,0,0,10591
Chris Sale,Red Sox,2,0,0,0,0,0,0.00%,0.00%,0,0,0,0,0,0,,0,0,0,0,10603
Tyler Thornburg,Red Sox,4,0,0,0,0,0,0.00%,0.00%,0,0,0,0,0,0,,0,0,0,0,10688
Trevor Rosenthal,Nationals,4,0,0,0,0,0,0.00%,0.00%,0,0,0,0,0,0,,0,0,0,0,10745
Shane Greene,Tigers,7,0,0,0,0,0,0.00%,0.00%,0,0,0,0,0,0,,0,0,0,0,10756
Tommy Kahnle,Yankees,2,0,0,0,0,0,0.00%,0.00%,0,0,0,0,0,0,,0,0,0,0,11384
Brandon Workman,Red Sox,5,0,0,0,0,0,0.00%,0.00%,0,0,0,0,0,0,,0,0,0,0,11428
Jesse Biddle,Braves,5,0,0,0,0,0,0.00%,0.00%,0,0,0,0,0,0,,0,0,0,0,11437
Matt Grace,Nationals,6,0,0,0,0,0,0.00%,0.00%,0,0,0,0,0,0,,0,0,0,0,11449
Aaron Sanchez,Blue Jays,2,0,0,0,0,0,0.00%,0.00%,0,0,0,0,0,0,,0,0,0,0,11490
Heath Hembree,Red Sox,4,0,0,0,0,0,0.00%,0.00%,0,0,0,0,0,0,,0,0,0,0,11632
Tayron Guerrero,Marlins,5,0,0,0,0,0,0.00%,0.00%,0,0,0,0,0,0,,0,0,0,0,11691
Nick Kingham,Pirates,3,0,0,0,0,0,0.00%,0.00%,0,0,0,0,0,0,,0,0,0,0,11694
Sam Dyson,Giants,5,0,0,0,0,0,0.00%,0.00%,0,0,0,0,0,0,,0,0,0,0,11710
Matt Harvey,Angels,2,0,0,0,0,0,0.00%,0.00%,0,0,0,0,0,0,,0,0,0,0,11713
Luke Jackson,Braves,5,0,0,0,0,0,0.00%,0.00%,0,0,0,0,0,0,,0,0,0,0,11752
Kyle Ryan,Cubs,2,0,0,0,0,0,0.00%,0.00%,0,0,0,0,0,0,,0,0,0,0,11753
Drew Smyly,Rangers,2,0,0,0,0,0,0.00%,0.00%,0,0,0,0,0,0,,0,0,0,0,11760
Hansel Robles,Angels,6,0,0,0,0,0,0.00%,0.00%,0,0,0,0,0,0,,0,0,0,0,11801
Hector Neris,Phillies,5,0,0,0,0,0,0.00%,0.00%,0,0,0,0,0,0,,0,0,0,0,11804
James Paxton,Yankees,2,0,0,0,0,0,0.00%,0.00%,0,0,0,0,0,0,,0,0,0,0,11828
Chris Martin,Rangers,3,0,0,0,0,0,0.00%,0.00%,0,0,0,0,0,0,,0,0,0,0,11847
Felipe Vazquez,Pirates,4,0,0,0,0,0,0.00%,0.00%,0,0,0,0,0,0,,0,0,0,0,12076
Yimi Garcia,Dodgers,6,0,0,0,0,0,0.00%,0.00%,0,0,0,0,0,0,,0,0,0,0,12095
Cody Allen,Angels,4,0,0,0,0,0,0.00%,0.00%,0,0,0,0,0,0,,0,0,0,0,12183
Aaron Brooks,Athletics,2,0,0,0,0,0,0.00%,0.00%,0,0,0,0,0,0,,0,0,0,0,12272
Jacob Barnes,Brewers,3,0,0,0,0,0,0.00%,0.00%,0,0,0,0,0,0,,0,0,0,0,12323
Seth Lugo,Mets,5,0,0,0,0,0,0.00%,0.00%,0,0,0,0,0,0,,0,0,0,0,12447
Chasen Bradford,Mariners,5,0,0,0,0,0,0.00%,0.00%,0,0,0,0,0,0,,0,0,0,0,12452
Blake Treinen,Athletics,6,0,0,0,0,0,0.00%,0.00%,0,0,0,0,0,0,,0,0,0,0,12572
D.J. Johnson,Rockies,6,0,0,0,0,0,0.00%,0.00%,0,0,0,0,0,0,,0,0,0,0,12578
Adam Morgan,Phillies,6,0,0,0,0,0,0.00%,0.00%,0,0,0,0,0,0,,0,0,0,0,12580
Mike Wright Jr.,Orioles,5,0,0,0,0,0,0.00%,0.00%,0,0,0,0,0,0,,0,0,0,0,12586
Nathan Karns,Orioles,4,0,0,0,0,0,0.00%,0.00%,0,0,0,0,0,0,,0,0,0,0,12638
Roenis Elias,Mariners,7,0,0,0,0,0,0.00%,0.00%,0,0,0,0,0,0,,0,0,0,0,12673
Ryne Harper,Twins,3,0,0,0,0,0,0.00%,0.00%,0,0,0,0,0,0,,0,0,0,0,12680
Trevor Bauer,Indians,2,0,0,0,0,0,0.00%,0.00%,0,0,0,0,0,0,,0,0,0,0,12703
Chris Devenski,Astros,2,0,0,0,0,0,0.00%,0.00%,0,0,0,0,0,0,,0,0,0,0,12763
John Brebbia,Cardinals,4,0,0,0,0,0,0.00%,0.00%,0,0,0,0,0,0,,0,0,0,0,12777
Sam Gaviglio,Blue Jays,4,0,0,0,0,0,0.00%,0.00%,0,0,0,0,0,0,,0,0,0,0,12778
Noe Ramirez,Angels,3,0,0,0,0,0,0.00%,0.00%,0,0,0,0,0,0,,0,0,0,0,12800
Matt Wisler,Padres,1,0,0,0,0,0,0.00%,0.00%,0,0,0,0,0,0,,0,0,0,0,12804
Mike Clevinger,Indians,2,0,0,0,0,0,0.00%,0.00%,0,0,0,0,0,0,,0,0,0,0,12808
Alex Claudio,Brewers,6,0,0,0,0,0,0.00%,0.00%,0,0,0,0,0,0,,0,0,0,0,12890
Ken Giles,Blue Jays,5,0,0,0,0,0,0.00%,0.00%,0,0,0,0,0,0,,0,0,0,0,12910
Dylan Bundy,Orioles,2,0,0,0,0,0,0.00%,0.00%,0,0,0,0,0,0,,0,0,0,0,12917
Archie Bradley,Diamondbacks,4,0,0,0,0,0,0.00%,0.00%,0,0,0,0,0,0,,0,0,0,0,12918
Joe Ross,Nationals,1,0,0,0,0,0,0.00%,0.00%,0,0,0,0,0,0,,0,0,0,0,12972
Andrew Chafin,Diamondbacks,4,0,0,0,0,0,0.00%,0.00%,0,0,0,0,0,0,,0,0,0,0,12988
Colten Brewer,Red Sox,4,0,0,0,0,0,0.00%,0.00%,0,0,0,0,0,0,,0,0,0,0,12997
Wei-Yin Chen,Marlins,2,0,0,0,0,0,0.00%,0.00%,0,0,0,0,0,0,,0,0,0,0,13071
Gerrit Cole,Astros,2,0,0,0,0,0,0.00%,0.00%,0,0,0,0,0,0,,0,0,0,0,13125
Eduardo Rodriguez,Red Sox,2,0,0,0,0,0,0.00%,0.00%,0,0,0,0,0,0,,0,0,0,0,13164
Kyle Crick,Pirates,2,0,0,0,0,0,0.00%,0.00%,0,0,0,0,0,0,,0,0,0,0,13182
Adalberto Mejia,Twins,4,0,0,0,0,0,0.00%,0.00%,0,0,0,0,0,0,,0,0,0,0,13188
Joe Biagini,Blue Jays,5,0,0,0,0,0,0.00%,0.00%,0,0,0,0,0,0,,0,0,0,0,13194
Adrian Sampson,Rangers,2,0,0,0,0,0,0.00%,0.00%,0,0,0,0,0,0,,0,0,0,0,13339
Luis Cessa,Yankees,2,0,0,0,0,0,0.00%,0.00%,0,0,0,0,0,0,,0,0,0,0,13345
Cam Bedrosian,Angels,4,0,0,0,0,0,0.00%,0.00%,0,0,0,0,0,0,,0,0,0,0,13360
Dylan Floro,Dodgers,6,0,0,0,0,0,0.00%,0.00%,0,0,0,0,0,0,,0,0,0,0,13394
Felix Pena,Angels,2,0,0,0,0,0,0.00%,0.00%,0,0,0,0,0,0,,0,0,0,0,13403
Marcus Stroman,Blue Jays,3,0,0,0,0,0,0.00%,0.00%,0,0,0,0,0,0,,0,0,0,0,13431
Taylor Rogers,Twins,5,0,0,0,0,0,0.00%,0.00%,0,0,0,0,0,0,,0,0,0,0,13449
Daniel Norris,Tigers,2,0,0,0,0,0,0.00%,0.00%,0,0,0,0,0,0,,0,0,0,0,13475
Connor Sadzeck,Mariners,2,0,0,0,0,0,0.00%,0.00%,0,0,0,0,0,0,,0,0,0,0,13483
Brandon Brennan,Mariners,5,0,0,0,0,0,0.00%,0.00%,0,0,0,0,0,0,,0,0,0,0,13527
Blake Snell,Rays,3,0,0,0,0,0,0.00%,0.00%,0,0,0,0,0,0,,0,0,0,0,13543
Richard Rodriguez,Pirates,5,0,0,0,0,0,0.00%,0.00%,0,0,0,0,0,0,,0,0,0,0,13549
Robert Stephenson,Reds,3,0,0,0,0,0,0.00%,0.00%,0,0,0,0,0,0,,0,0,0,0,13594
Carl Edwards Jr.,Cubs,4,0,0,0,0,0,0.00%,0.00%,0,0,0,0,0,0,,0,0,0,0,13607
Jakob Junis,Royals,2,0,0,0,0,0,0.00%,0.00%,0,0,0,0,0,0,,0,0,0,0,13619
John Gant,Cardinals,6,0,0,0,0,0,0.00%,0.00%,0,0,0,0,0,0,,0,0,0,0,13684
Robert Gsellman,Mets,5,0,0,0,0,0,0.00%,0.00%,0,0,0,0,0,0,,0,0,0,0,13696
Kyle Barraclough,Nationals,6,0,0,0,0,0,0.00%,0.00%,0,0,0,0,0,0,,0,0,0,0,13713
Chris Stratton,Angels,2,0,0,0,0,0,0.00%,0.00%,0,0,0,0,0,0,,0,0,0,0,13761
Dominic Leone,Cardinals,5,0,0,0,0,0,0.00%,0.00%,0,0,0,0,0,0,,0,0,0,0,13763
Roberto Osuna,Astros,5,0,0,0,0,0,0.00%,0.00%,0,0,0,0,0,0,,0,0,0,0,13764
Daniel Stumpf,Tigers,2,0,0,0,0,0,0.00%,0.00%,0,0,0,0,0,0,,0,0,0,0,13780
Scott Oberg,Rockies,3,0,0,0,0,0,0.00%,0.00%,0,0,0,0,0,0,,0,0,0,0,13911
Tim Peterson,Mets,4,0,0,0,0,0,0.00%,0.00%,0,0,0,0,0,0,,0,0,0,0,13946
Ryan Dull,Athletics,1,0,0,0,0,0,0.00%,0.00%,0,0,0,0,0,0,,0,0,0,0,13974
Kyle Zimmer,Royals,3,0,0,0,0,0,0.00%,0.00%,0,0,0,0,0,0,,0,0,0,0,14169
Brian Johnson,Red Sox,4,0,0,0,0,0,0.00%,0.00%,0,0,0,0,0,0,,0,0,0,0,14272
Luke Bard,Angels,3,0,0,0,0,0,0.00%,0.00%,0,0,0,0,0,0,,0,0,0,0,14288
Wandy Peralta,Reds,4,0,0,0,0,0,0.00%,0.00%,0,0,0,0,0,0,,0,0,0,0,14295
Frankie Montas,Athletics,2,0,0,0,0,0,0.00%,0.00%,0,0,0,0,0,0,,0,0,0,0,14309
Caleb Frare,White Sox,3,0,0,0,0,0,0.00%,0.00%,0,0,0,0,0,0,,0,0,0,0,14353
Amir Garrett,Reds,5,0,0,0,0,0,0.00%,0.00%,0,0,0,0,0,0,,0,0,0,0,14375
Adam Conley,Marlins,5,0,0,0,0,0,0.00%,0.00%,0,0,0,0,0,0,,0,0,0,0,14457
J.B. Wendelken,Athletics,6,0,0,0,0,0,0.00%,0.00%,0,0,0,0,0,0,,0,0,0,0,14506
Jose Leclerc,Rangers,4,0,0,0,0,0,0.00%,0.00%,0,0,0,0,0,0,,0,0,0,0,14524
Jorge Lopez,Royals,2,0,0,0,0,0,0.00%,0.00%,0,0,0,0,0,0,,0,0,0,0,14527
Carlos Estevez,Rockies,3,0,0,0,0,0,0.00%,0.00%,0,0,0,0,0,0,,0,0,0,0,14542
Jose Ruiz,White Sox,2,0,0,0,0,0,0.00%,0.00%,0,0,0,0,0,0,,0,0,0,0,14552
Keone Kela,Pirates,5,0,0,0,0,0,0.00%,0.00%,0,0,0,0,0,0,,0,0,0,0,14696
Edwin Diaz,Mets,5,0,0,0,0,0,0.00%,0.00%,0,0,0,0,0,0,,0,0,0,0,14710
Ty Buttrey,Angels,6,0,0,0,0,0,0.00%,0.00%,0,0,0,0,0,0,,0,0,0,0,14719
Tyler Olson,Indians,3,0,0,0,0,0,0.00%,0.00%,0,0,0,0,0,0,,0,0,0,0,14741
Wes Parsons,Braves,6,0,0,0,0,0,0.00%,0.00%,0,0,0,0,0,0,,0,0,0,0,14764
Buck Farmer,Tigers,3,0,0,0,0,0,0.00%,0.00%,0,0,0,0,0,0,,0,0,0,0,14814
Dylan Covey,White Sox,2,0,0,0,0,0,0.00%,0.00%,0,0,0,0,0,0,,0,0,0,0,14825
Nick Rumbelow,Mariners,3,0,0,0,0,0,0.00%,0.00%,0,0,0,0,0,0,,0,0,0,0,14867
Taylor Williams,Brewers,4,0,0,0,0,0,0.00%,0.00%,0,0,0,0,0,0,,0,0,0,0,14899
Reyes Moronta,Giants,4,0,0,0,0,0,0.00%,0.00%,0,0,0,0,0,0,,0,0,0,0,14966
Scott Barlow,Royals,2,0,0,0,0,0,0.00%,0.00%,0,0,0,0,0,0,,0,0,0,0,14993
Alex Reyes,Cardinals,4,0,0,0,0,0,0.00%,0.00%,0,0,0,0,0,0,,0,0,0,0,15015
Victor Alcantara,Tigers,3,0,0,0,0,0,0.00%,0.00%,0,0,0,0,0,0,,0,0,0,0,15028
Tim Mayza,Blue Jays,6,0,0,0,0,0,0.00%,0.00%,0,0,0,0,0,0,,0,0,0,0,15042
Lou Trivino,Athletics,8,0,0,0,0,0,0.00%,0.00%,0,0,0,0,0,0,,0,0,0,0,15043
Trevor Gott,Giants,4,0,0,0,0,0,0.00%,0.00%,0,0,0,0,0,0,,0,0,0,0,15046
Hunter Wood,Rays,1,0,0,0,0,0,0.00%,0.00%,0,0,0,0,0,0,,0,0,0,0,15091
Tim Locastro,Diamondbacks,1,0,0,0,0,0,0.00%,0.00%,0,0,0,0,0,0,,0,0,0,0,15124
Jimmy Yacabonis,Orioles,3,0,0,0,0,0,0.00%,0.00%,0,0,0,0,0,0,,0,0,0,0,15157
Kevin McCarthy,Royals,6,0,0,0,0,0,0.00%,0.00%,0,0,0,0,0,0,,0,0,0,0,15240
Adam Cimber,Indians,6,0,0,0,0,0,0.00%,0.00%,0,0,0,0,0,0,,0,0,0,0,15288
Matthew Boyd,Tigers,2,0,0,0,0,0,0.00%,0.00%,0,0,0,0,0,0,,0,0,0,0,15440
Mike Mayers,Cardinals,4,0,0,0,0,0,0.00%,0.00%,0,0,0,0,0,0,,0,0,0,0,15451
Marco Gonzales,Mariners,3,0,0,0,0,0,0.00%,0.00%,0,0,0,0,0,0,,0,0,0,0,15467
Lucas Giolito,White Sox,2,0,0,0,0,0,0.00%,0.00%,0,0,0,0,0,0,,0,0,0,0,15474
Franklin Barreto,Athletics,1,0,0,0,0,0,0.00%,0.00%,0,0,0,0,0,0,,0,0,0,0,15519
Chad Green,Yankees,4,0,0,0,0,0,0.00%,0.00%,0,0,0,0,0,0,,0,0,0,0,15552
Miguel Castro,Orioles,4,0,0,0,0,0,0.00%,0.00%,0,0,0,0,0,0,,0,0,0,0,15684
Brad Keller,Royals,3,0,0,0,0,0,0.00%,0.00%,0,0,0,0,0,0,,0,0,0,0,15734
Joe Jimenez,Tigers,6,0,0,0,0,0,0.00%,0.00%,0,0,0,0,0,0,,0,0,0,0,15761
Masahiro Tanaka,Yankees,3,0,0,0,0,0,0.00%,0.00%,0,0,0,0,0,0,,0,0,0,0,15764
Paul Fry,Orioles,4,0,0,0,0,0,0.00%,0.00%,0,0,0,0,0,0,,0,0,0,0,15832
Wander Suero,Nationals,5,0,0,0,0,0,0.00%,0.00%,0,0,0,0,0,0,,0,0,0,0,15855
Stephen Tarpley,Yankees,2,0,0,0,0,0,0.00%,0.00%,0,0,0,0,0,0,,0,0,0,0,15859
Ryne Stanek,Rays,4,0,0,0,0,0,0.00%,0.00%,0,0,0,0,0,0,,0,0,0,0,15947
Nick Burdi,Pirates,5,0,0,0,0,0,0.00%,0.00%,0,0,0,0,0,0,,0,0,0,0,16074
Edubray Ramos,Phillies,2,0,0,0,0,0,0.00%,0.00%,0,0,0,0,0,0,,0,0,0,0,16086
Chris Ellis,Royals,1,0,0,0,0,0,0.00%,0.00%,0,0,0,0,0,0,,0,0,0,0,16125
David Hess,Orioles,3,0,0,0,0,0,0.00%,0.00%,0,0,0,0,0,0,,0,0,0,0,16130
Carlos Rodon,White Sox,3,0,0,0,0,0,0.00%,0.00%,0,0,0,0,0,0,,0,0,0,0,16137
Jace Fry,White Sox,4,0,0,0,0,0,0.00%,0.00%,0,0,0,0,0,0,,0,0,0,0,16159
Justin Anderson,Angels,5,0,0,0,0,0,0.00%,0.00%,0,0,0,0,0,0,,0,0,0,0,16201
Spencer Turnbull,Tigers,2,0,0,0,0,0,0.00%,0.00%,0,0,0,0,0,0,,0,0,0,0,16207
John Means,Orioles,3,0,0,0,0,0,0.00%,0.00%,0,0,0,0,0,0,,0,0,0,0,16269
Brad Wieck,Padres,1,0,0,0,0,0,0.00%,0.00%,0,0,0,0,0,0,,0,0,0,0,16390
Reynaldo Lopez,White Sox,2,0,0,0,0,0,0.00%,0.00%,0,0,0,0,0,0,,0,0,0,0,16400
Matt Wotherspoon,Orioles,1,0,0,0,0,0,0.00%,0.00%,0,0,0,0,0,0,,0,0,0,0,16452
Ryan Yarbrough,Rays,2,0,0,0,0,0,0.00%,0.00%,0,0,0,0,0,0,,0,0,0,0,16502
Dan Altavilla,Mariners,1,0,0,0,0,0,0.00%,0.00%,0,0,0,0,0,0,,0,0,0,0,16507
Harrison Musgrave,Rockies,4,0,0,0,0,0,0.00%,0.00%,0,0,0,0,0,0,,0,0,0,0,16532
Jonathan Holder,Yankees,3,0,0,0,0,0,0.00%,0.00%,0,0,0,0,0,0,,0,0,0,0,16588
Kyle Bird,Rangers,3,0,0,0,0,0,0.00%,0.00%,0,0,0,0,0,0,,0,0,0,0,16618
Joshua James,Astros,5,0,0,0,0,0,0.00%,0.00%,0,0,0,0,0,0,,0,0,0,0,16794
Tim Hill,Royals,5,0,0,0,0,0,0.00%,0.00%,0,0,0,0,0,0,,0,0,0,0,16814
Reed Garrett,Tigers,2,0,0,0,0,0,0.00%,0.00%,0,0,0,0,0,0,,0,0,0,0,16866
Trevor Hildenberger,Twins,4,0,0,0,0,0,0.00%,0.00%,0,0,0,0,0,0,,0,0,0,0,17002
Sean Reid-Foley,Blue Jays,1,0,0,0,0,0,0.00%,0.00%,0,0,0,0,0,0,,0,0,0,0,17034
Raisel Iglesias,Reds,3,0,0,0,0,0,0.00%,0.00%,0,0,0,0,0,0,,0,0,0,0,17130
Domingo German,Yankees,2,0,0,0,0,0,0.00%,0.00%,0,0,0,0,0,0,,0,0,0,0,17149
Yoan Lopez,Diamondbacks,5,0,0,0,0,0,0.00%,0.00%,0,0,0,0,0,0,,0,0,0,0,17181
Jalen Beeks,Rays,4,0,0,0,0,0,0.00%,0.00%,0,0,0,0,0,0,,0,0,0,0,17192
Austin Brice,Marlins,3,0,0,0,0,0,0.00%,0.00%,0,0,0,0,0,0,,0,0,0,0,17237
Thomas Pannone,Blue Jays,3,0,0,0,0,0,0.00%,0.00%,0,0,0,0,0,0,,0,0,0,0,17281
Framber Valdez,Astros,2,0,0,0,0,0,0.00%,0.00%,0,0,0,0,0,0,,0,0,0,0,17295
Ryan Burr,White Sox,5,0,0,0,0,0,0.00%,0.00%,0,0,0,0,0,0,,0,0,0,0,17536
Jeffrey Springs,Rangers,4,0,0,0,0,0,0.00%,0.00%,0,0,0,0,0,0,,0,0,0,0,17677
Pedro Araujo,Orioles,1,0,0,0,0,0,0.00%,0.00%,0,0,0,0,0,0,,0,0,0,0,17697
Jose Alvarado,Rays,6,0,0,0,0,0,0.00%,0.00%,0,0,0,0,0,0,,0,0,0,0,17780
Trey Wingenter,Padres,5,0,0,0,0,0,0.00%,0.00%,0,0,0,0,0,0,,0,0,0,0,17793
Trent Thornton,Blue Jays,2,0,0,0,0,0,0.00%,0.00%,0,0,0,0,0,0,,0,0,0,0,17948
Tyler Kinley,Marlins,6,0,0,0,0,0,0.00%,0.00%,0,0,0,0,0,0,,0,0,0,0,18297
Carson Fulmer,White Sox,1,0,0,0,0,0,0.00%,0.00%,0,0,0,0,0,0,,0,0,0,0,18311
Nick Anderson,Marlins,5,0,0,0,0,0,0.00%,0.00%,0,0,0,0,0,0,,0,0,0,0,18337
Travis Bergen,Giants,5,0,0,0,0,0,0.00%,0.00%,0,0,0,0,0,0,,0,0,0,0,18581
A.J. Minter,Braves,3,0,0,0,0,0,0.00%,0.00%,0,0,0,0,0,0,,0,0,0,0,18655
Seunghwan Oh,Rockies,3,0,0,0,0,0,0.00%,0.00%,0,0,0,0,0,0,,0,0,0,0,18719
Drew Steckenrider,Marlins,5,0,0,0,0,0,0.00%,0.00%,0,0,0,0,0,0,,0,0,0,0,18806
Seranthony Dominguez,Phillies,4,0,0,0,0,0,0.00%,0.00%,0,0,0,0,0,0,,0,0,0,0,19249
Kyle Dowdy,Rangers,2,0,0,0,0,0,0.00%,0.00%,0,0,0,0,0,0,,0,0,0,0,19285
Matthew Festa,Mariners,5,0,0,0,0,0,0.00%,0.00%,0,0,0,0,0,0,,0,0,0,0,19330
Caleb Ferguson,Dodgers,6,0,0,0,0,0,0.00%,0.00%,0,0,0,0,0,0,,0,0,0,0,19349
Shane Bieber,Indians,2,0,0,0,0,0,0.00%,0.00%,0,0,0,0,0,0,,0,0,0,0,19427
Jordan Hicks,Cardinals,5,0,0,0,0,0,0.00%,0.00%,0,0,0,0,0,0,,0,0,0,0,19618
Jonathan Loaisiga,Yankees,1,0,0,0,0,0,0.00%,0.00%,0,0,0,0,0,0,,0,0,0,0,19753
Yoshihisa Hirano,Diamondbacks,4,0,0,0,0,0,0.00%,0.00%,0,0,0,0,0,0,,0,0,0,0,19756
Elvis Luciano,Blue Jays,2,0,0,0,0,0,0.00%,0.00%,0,0,0,0,0,0,,0,0,0,0,20632
Yusei Kikuchi,Mariners,3,0,0,0,0,0,0.00%,0.00%,0,0,0,0,0,0,,0,0,0,0,20633
Zach Davies,Brewers,3,5,0,0,0,0,0.00%,20.00%,0,0.25,0.2,0.2,0.2,0.176,2,0,-0.7,0.5,0,13183
Adam Kolarek,Rays,6,0,0,0,0,0,0.00%,0.00%,0,0,0,0,0,0,,0,0,0,0,10843
Jake Lamb,Diamondbacks,5,18,0,1,2,0,16.70%,33.30%,0.067,0.444,0.267,0.389,0.333,0.311,85,0,-0.4,-0.2,0,13329
Merrill Kelly,Diamondbacks,2,5,0,0,0,0,20.00%,20.00%,0,0,0,0.25,0,0.174,0,0,-0.7,0.5,0,11156
Jorge Soler,Royals,9,38,1,2,7,0,7.90%,36.80%,0.2,0.35,0.229,0.289,0.429,0.309,97,-0.4,-0.6,-0.8,0,14221
Erik Kratz,Giants,5,14,0,0,0,0,7.10%,7.10%,0,0.1,0.091,0.286,0.091,0.216,30,0,-1.3,0.8,0,4403
Pedro Severino,Orioles,3,11,0,0,0,0,0.00%,36.40%,0,0.286,0.182,0.182,0.182,0.16,-9,0,-1.4,0.9,0,14523
Francisco Mejia,Padres,6,18,0,1,1,0,5.60%,16.70%,0.118,0.286,0.235,0.278,0.353,0.275,67,0,-0.8,0.1,0,16403
Noah Syndergaard,Mets,2,5,0,1,0,0,20.00%,40.00%,0,0,0,0.2,0,0.139,-15,0,-0.8,0.5,0,11762
Diego Castillo,Rays,6,1,0,0,0,0,0.00%,100.00%,0,0,0,0,0,0,-100,0,-0.3,0.1,0,17496
Martin Perez,Twins,2,1,0,1,0,0,0.00%,0.00%,0,0,0,0,0,0,-100,0,-0.3,0.1,0,6902
Marcus Walden,Red Sox,1,1,0,0,0,0,0.00%,100.00%,0,0,0,0,0,0,-100,0,-0.3,0.1,0,8004
Matt Barnes,Red Sox,3,1,0,0,0,0,0.00%,100.00%,0,0,0,0,0,0,-100,0,-0.3,0.1,0,12863
Hector Velazquez,Red Sox,4,1,0,0,0,0,0.00%,100.00%,0,0,0,0,0,0,-100,0,-0.3,0.1,0,19341
Jeimer Candelario,Tigers,10,42,0,3,2,1,9.50%,28.60%,0.079,0.308,0.211,0.286,0.289,0.26,63,0.2,-1.6,0,0,13621
Scott Kingery,Phillies,5,9,0,1,0,0,11.10%,22.20%,0,0.333,0.25,0.333,0.25,0.273,63,0,-0.4,0,0,17975
Kenley Jansen,Dodgers,5,1,0,0,0,0,0.00%,100.00%,0,0,0,0,0,0,-100,0,-0.3,0.1,0,3096
Joe Kelly,Dodgers,5,1,0,0,0,0,0.00%,0.00%,0,0,0,0,0,0,-100,0,-0.3,0.1,0,9761
Dennis Santana,Dodgers,1,1,0,0,0,0,0.00%,0.00%,0,0,0,0,0,0,-100,0,-0.3,0.1,0,17878
Phil Maton,Padres,3,1,0,0,0,0,0.00%,0.00%,0,0,0,0,0,0,-100,0,-0.3,0.1,0,18064
Matt Olson,Athletics,2,6,0,1,0,0,16.70%,0.00%,0,0.2,0.2,0.333,0.2,0.263,68,0,-0.2,-0.1,0,14344
Vince Velasquez,Phillies,2,1,0,0,0,0,0.00%,0.00%,0,0,0,0,0,0,-100,0,-0.3,0.1,0,11189
Brad Brach,Cubs,5,1,0,0,0,0,0.00%,0.00%,0,0,0,0,0,0,-100,0,-0.3,0.1,0,6627
Jose Quintana,Cubs,2,1,0,0,0,0,0.00%,100.00%,0,0,0,0,0,0,-100,0,-0.3,0.1,0,11423
Yu Darvish,Cubs,2,1,0,0,0,0,0.00%,100.00%,0,0,0,0,0,0,-100,0,-0.3,0.1,0,13074
Randy Rosario,Cubs,5,1,0,0,0,0,0.00%,0.00%,0,0,0,0,0,0,-100,0,-0.3,0.1,0,14508
Hyun-Jin Ryu,Dodgers,4,6,0,1,0,0,16.70%,33.30%,0,0,0,0.2,0,0.139,-16,0,-0.9,0.6,0,14444
Chase Anderson,Brewers,3,1,0,0,0,0,0.00%,100.00%,0,0,0,0,0,0,-100,0,-0.3,0.1,0,6895
Josh Hader,Brewers,5,1,0,0,0,0,0.00%,0.00%,0,0,0,0,0,0,-100,0,-0.3,0.1,0,14212
Shane Carle,Braves,3,1,0,0,0,0,0.00%,100.00%,0,0,0,0,0,0,-100,0,-0.3,0.1,0,15258
Chad Sobotka,Braves,5,1,0,0,0,0,0.00%,100.00%,0,0,0,0,0,0,-100,0,-0.3,0.1,0,17470
Matt Andriese,Diamondbacks,2,1,0,0,0,0,0.00%,100.00%,0,0,0,0,0,0,-100,0,-0.3,0.1,0,12022
Jon Duplantier,Diamondbacks,2,1,0,0,0,0,0.00%,100.00%,0,0,0,0,0,0,-100,0,-0.3,0.1,0,19546
Juan Lagares,Mets,9,20,1,2,3,1,5.00%,40.00%,0.167,0.222,0.167,0.25,0.333,0.26,60,0.2,-0.9,0.1,0,5384
Tommy La Stella,Angels,10,34,1,4,3,0,11.80%,5.90%,0.133,0.148,0.167,0.265,0.3,0.255,64,0,-1.4,0.1,0,12371
Tyler White,Astros,8,21,0,1,0,0,14.30%,23.80%,0.056,0.308,0.222,0.333,0.278,0.285,86,0,-0.4,-0.5,0,15564
Chad Bettis,Rockies,2,1,0,0,0,0,0.00%,0.00%,0,0,0,0,0,0,-100,0,-0.3,0.1,0,10587
Yency Almonte,Rockies,1,1,0,0,0,0,0.00%,0.00%,0,0,0,0,0,0,-100,0,-0.3,0.1,0,15068
Jake Noll,Nationals,3,3,0,0,1,0,33.30%,33.30%,0,0,0,0.333,0,0.232,35,0,-0.3,0,0,19703
Jose Iglesias,Reds,9,23,0,1,1,0,13.00%,17.40%,0.15,0.313,0.25,0.348,0.4,0.295,75,-0.4,-1.2,0.3,0,10231
Billy Hamilton,Royals,9,33,0,4,0,2,3.00%,18.20%,0,0.346,0.281,0.303,0.281,0.262,63,0,-1.4,0.1,0,10199
Andrew Knapp,Phillies,3,4,0,0,0,0,0.00%,50.00%,0,0.5,0.25,0.25,0.25,0.221,31,0,-0.4,0.1,0,14942
Richie Martin Jr.,Orioles,10,30,0,4,0,1,6.70%,40.00%,0.074,0.333,0.185,0.267,0.259,0.241,49,0.2,-1.6,0.4,0,17736
Josh Fuentes,Rockies,3,6,0,2,0,0,0.00%,0.00%,0,0.333,0.333,0.333,0.333,0.294,62,0,-0.3,-0.1,0,16885
Neil Walker,Marlins,10,26,1,3,1,1,11.50%,23.10%,0.136,0.2,0.182,0.308,0.318,0.287,76,0.2,-0.6,-0.4,0,7539
Braden Bishop,Mariners,1,1,0,0,0,0,0.00%,100.00%,0,0,0,0,0,0,-100,0,-0.3,0,0,17806
Greg Garcia,Padres,6,12,0,0,0,0,8.30%,16.70%,0.182,0.222,0.182,0.25,0.364,0.266,61,0,-0.6,0,0,10951
Tzu-Wei Lin,Red Sox,1,1,0,0,0,0,0.00%,0.00%,0,0,0,0,0,0,-100,0,-0.3,0,0,14678
David Freitas,Mariners,1,4,0,1,1,0,25.00%,0.00%,0,0,0,0.25,0,0.174,7,0,-0.4,0.1,0,10619
Tyler Glasnow,Rays,2,2,0,0,0,0,0.00%,50.00%,0,0,0,0,0,0,-100,0,-0.5,0.2,0,14374
Yonny Chirinos,Rays,2,2,0,0,0,0,0.00%,100.00%,0,0,0,0,0,0,-100,0,-0.5,0.2,0,16401
Michael Lorenzen,Reds,7,1,0,0,0,0,0.00%,0.00%,0,0,0,0,0,0,-100,0,-0.3,0,0,14843
Michael Pineda,Twins,2,2,0,0,0,0,0.00%,0.00%,0,0,0,0,0,0,-100,0,-0.5,0.2,0,5372
Jose Berrios,Twins,3,2,0,0,0,0,0.00%,100.00%,0,0,0,0,0,0,-100,0,-0.5,0.2,0,14168
Rick Porcello,Red Sox,2,2,0,0,0,0,0.00%,0.00%,0,0,0,0,0,0,-100,0,-0.5,0.2,0,2717
Marcell Ozuna,Cardinals,9,36,2,5,5,1,2.80%,30.60%,0.2,0.273,0.229,0.25,0.429,0.288,74,0.2,-1.1,-0.4,0,10324
Mark Reynolds,Rockies,9,22,1,1,3,0,9.10%,36.40%,0.222,0.3,0.222,0.318,0.444,0.324,80,0,-0.6,-0.4,0,7619
Jose Urena,Marlins,2,2,0,0,0,0,0.00%,50.00%,0,0,0,0,0,0,-100,0,-0.5,0.2,0,11589
Jeff Samardzija,Giants,2,2,0,0,0,0,0.00%,50.00%,0,0,0,0,0,0,-100,0,-0.5,0.2,0,3254
Dakota Hudson,Cardinals,2,2,0,0,0,0,0.00%,0.00%,0,0,0,0,0,0,-100,0,-0.5,0.2,0,19206
Jordan Lyles,Pirates,1,2,0,0,0,0,0.00%,50.00%,0,0,0,0,0,0,-100,0,-0.5,0.2,0,7593
Joe Musgrove,Pirates,2,2,0,0,0,0,0.00%,100.00%,0,0,0,0,0,0,-100,0,-0.5,0.2,0,12970
Aledmys Diaz,Astros,5,15,1,2,4,0,6.70%,26.70%,0.214,0.111,0.143,0.2,0.357,0.239,53,0,-0.8,0,0,15937
Bryse Wilson,Braves,1,2,0,0,0,0,0.00%,100.00%,0,0,0,0,0,0,-100,0,-0.6,0.2,0,19990
Sonny Gray,Reds,2,2,0,0,0,0,0.00%,50.00%,0,0,0,0,0,0,-100,0,-0.6,0.2,0,12768
Tyler Mahle,Reds,1,2,0,0,0,0,0.00%,50.00%,0,0,0,0,0,0,-100,0,-0.6,0.2,0,16358
Starling Marte,Pirates,8,38,0,5,3,2,5.30%,15.80%,0.143,0.241,0.2,0.263,0.343,0.265,60,0.4,-1.7,0.1,0,9241
Drew Jackson,Orioles,3,4,0,0,0,0,25.00%,25.00%,0,0,0,0.25,0,0.174,1,0,-0.5,0,0,17807
Sam Travis,Red Sox,2,7,0,0,0,0,0.00%,0.00%,0,0.286,0.286,0.286,0.286,0.252,53,0,-0.4,-0.2,0,16263
German Marquez,Rockies,2,2,0,0,0,0,0.00%,0.00%,0,0,0,0,0,0,-100,0,-0.6,0.2,0,15038
Justin Smoak,Blue Jays,8,34,1,3,4,0,8.80%,26.50%,0.133,0.25,0.2,0.294,0.333,0.282,80,0,-0.8,-0.7,0,9054
Charlie Blackmon,Rockies,11,50,0,4,4,1,8.00%,14.00%,0.114,0.316,0.273,0.34,0.386,0.317,76,0.2,-1.4,-0.6,0,7859
Adam Engel,White Sox,7,15,1,2,1,0,0.00%,26.70%,0.286,0.111,0.143,0.143,0.429,0.233,45,0,-0.9,0.1,0,15082
Greg Bird,Yankees,7,30,1,4,1,0,13.30%,43.30%,0.115,0.333,0.192,0.3,0.308,0.277,75,0,-0.9,-0.5,0,14131
Jason Vargas,Mets,1,3,0,0,0,0,0.00%,33.30%,0,0,0,0,0,0,-100,0,-0.8,0.3,0,8044
Zack Wheeler,Mets,2,3,0,0,0,0,0.00%,33.30%,0,0,0,0,0,0,-100,0,-0.8,0.3,0,10310
Steven Matz,Mets,2,3,0,0,0,0,0.00%,66.70%,0,0,0,0,0,0,-100,0,-0.8,0.3,0,13361
Mike Tauchman,Yankees,7,13,0,0,0,0,7.70%,38.50%,0.167,0.286,0.167,0.231,0.333,0.245,51,0,-0.7,-0.1,0,15274
Trevor Richards,Marlins,2,3,0,0,0,0,0.00%,66.70%,0,0,0,0,0,0,-100,0,-0.8,0.3,0,19309
Walker Buehler,Dodgers,2,3,0,0,0,0,0.00%,33.30%,0,0,0,0,0,0,-100,0,-0.8,0.3,0,19374
Tyler O'Neill,Cardinals,9,16,0,0,3,0,0.00%,31.30%,0.125,0.364,0.25,0.25,0.375,0.266,60,0,-0.9,-0.1,0,15711
Derek Holland,Giants,3,3,0,0,0,0,0.00%,66.70%,0,0,0,0,0,0,-100,0,-0.8,0.3,0,4141
Drew Pomeranz,Giants,2,3,0,0,0,0,0.00%,66.70%,0,0,0,0,0,0,-100,0,-0.8,0.3,0,11426
Joey Lucchesi,Padres,2,3,0,0,0,0,0.00%,66.70%,0,0,0,0,0,0,-100,0,-0.8,0.3,0,19320
Chris Paddack,Padres,2,3,0,0,0,0,0.00%,33.30%,0,0,0,0,0,0,-100,0,-0.8,0.3,0,20099
Nick Margevicius,Padres,2,3,0,0,0,0,0.00%,33.30%,0,0,0,0,0,0,-100,0,-0.8,0.3,0,20395
Aaron Altherr,Phillies,6,6,0,0,1,0,0.00%,33.30%,0.167,0.25,0.167,0.167,0.333,0.208,23,0,-0.6,0,0,11270
Aaron Nola,Phillies,2,3,0,0,0,0,0.00%,33.30%,0,0,0,0,0,0,-100,0,-0.8,0.3,0,16149
Cole Hamels,Cubs,2,3,0,0,1,0,0.00%,0.00%,0,0,0,0,0,0,-100,0,-0.8,0.3,0,4972
Max Fried,Braves,3,3,0,0,0,0,0.00%,33.30%,0,0,0,0,0,0,-100,0,-0.8,0.3,0,13743
Matt Koch,Diamondbacks,3,3,0,0,0,0,0.00%,66.70%,0,0,0,0,0,0,-100,0,-0.8,0.3,0,13420
Tanner Roark,Reds,2,3,0,0,0,0,0.00%,33.30%,0,0,0,0,0,0,-100,0,-0.8,0.3,0,8753
Anthony DeSclafani,Reds,2,3,0,0,0,0,0.00%,100.00%,0,0,0,0,0,0,-100,0,-0.8,0.3,0,13050
Eddie Rosario,Twins,8,33,1,3,5,0,9.10%,24.20%,0.133,0.238,0.2,0.273,0.333,0.269,68,0,-1.2,-0.3,0,12155
Max Scherzer,Nationals,3,8,0,1,1,0,0.00%,62.50%,0,0.333,0.125,0.125,0.125,0.11,-40,0,-1.5,0.8,0,3137
Travis d'Arnaud,Mets,1,2,0,0,0,0,0.00%,0.00%,0,0,0,0,0,0,-100,0,-0.5,0,0,7739
Daniel Robertson,Rays,10,32,0,2,2,1,6.30%,18.80%,0,0.292,0.233,0.281,0.233,0.236,49,0.2,-1.7,0.1,0,14145
Rio Ruiz,Orioles,9,32,0,2,2,0,9.40%,34.40%,0.071,0.333,0.214,0.281,0.286,0.253,58,0,-1.5,0,0,14103
Welington Castillo,White Sox,6,22,0,0,2,0,22.70%,22.70%,0,0.2,0.133,0.409,0.133,0.304,97,0,-0.1,-1.1,0,3256
Jake Cave,Twins,6,13,0,0,1,0,15.40%,15.40%,0,0.222,0.182,0.308,0.182,0.243,49,0,-0.8,-0.1,0,14477
Dwight Smith Jr.,Orioles,9,39,0,6,2,1,2.60%,15.40%,0.053,0.313,0.263,0.282,0.316,0.263,65,0.2,-1.4,-0.4,0,13473
Jordan Luplow,Indians,5,13,0,2,0,0,15.40%,53.80%,0,0.5,0.182,0.308,0.182,0.243,47,0,-0.8,-0.1,0,16424
Jedd Gyorko,Cardinals,2,2,0,0,0,0,0.00%,0.00%,0,0,0,0,0,0,-100,0,-0.5,0,0,10816
Eric Hosmer,Padres,11,46,1,5,6,0,10.90%,17.40%,0.122,0.281,0.244,0.326,0.366,0.299,82,0,-1.2,-0.8,-0.1,3516
Delino DeShields,Rangers,10,36,1,2,4,2,19.40%,22.20%,0.107,0.105,0.107,0.306,0.214,0.26,56,0,-1.9,0.1,-0.1,11379
Eloy Jimenez,White Sox,9,38,0,1,2,0,5.30%,34.20%,0,0.409,0.257,0.316,0.257,0.265,68,0,-1.4,-0.4,-0.1,17484
Nolan Arenado,Rockies,11,47,0,5,6,0,6.40%,6.40%,0.093,0.293,0.279,0.319,0.372,0.3,65,0,-2.2,0.2,-0.1,9777
Wilmer Difo,Nationals,7,23,1,3,4,0,8.70%,17.40%,0.15,0.2,0.2,0.273,0.35,0.255,50,0,-1.5,0.3,-0.1,14320
C.J. Cron,Twins,7,25,0,3,1,0,4.00%,20.00%,0.083,0.316,0.25,0.28,0.333,0.269,68,0,-0.9,-0.5,-0.1,12546
Ross Stripling,Dodgers,2,4,0,0,0,0,0.00%,0.00%,0,0,0,0,0,0,-100,0,-1.1,0.4,-0.1,13273
Dereck Rodriguez,Giants,2,4,0,0,0,0,0.00%,75.00%,0,0,0,0,0,0,-100,0,-1.1,0.4,-0.1,14509
Michael Wacha,Cardinals,2,4,0,0,0,0,0.00%,100.00%,0,0,0,0,0,0,-100,0,-1.1,0.4,-0.1,14078
Joe Panik,Giants,11,32,0,2,1,0,15.60%,3.10%,0.038,0.2,0.192,0.344,0.231,0.28,70,-0.4,-1.7,0.1,-0.1,11936
Jake Arrieta,Phillies,2,4,0,0,0,0,0.00%,50.00%,0,0,0,0,0,0,-100,0,-1.1,0.4,-0.1,4153
Zach Eflin,Phillies,2,4,0,0,0,0,0.00%,75.00%,0,0,0,0,0,0,-100,0,-1.1,0.4,-0.1,13774
Nick Pivetta,Phillies,2,4,0,0,0,0,0.00%,75.00%,0,0,0,0,0,0,-100,0,-1.1,0.4,-0.1,15454
Freddy Peralta,Brewers,2,4,0,0,0,0,0.00%,25.00%,0,0,0,0,0,0,-100,0,-1.1,0.4,-0.1,18679
Sean Newcomb,Braves,2,4,0,0,0,0,0.00%,75.00%,0,0,0,0,0,0,-100,0,-1.1,0.4,-0.1,16943
Kyle Wright,Braves,2,4,0,0,0,0,0.00%,50.00%,0,0,0,0,0,0,-100,0,-1.1,0.4,-0.1,19665
Robbie Ray,Diamondbacks,2,4,0,0,0,0,0.00%,100.00%,0,0,0,0,0,0,-100,0,-1.1,0.4,-0.1,11486
Anibal Sanchez,Nationals,2,4,0,0,0,0,0.00%,75.00%,0,0,0,0,0,0,-100,0,-1.1,0.4,-0.1,3284
Patrick Corbin,Nationals,2,4,0,0,0,0,0.00%,50.00%,0,0,0,0,0,0,-100,0,-1.1,0.4,-0.1,9323
Stephen Strasburg,Nationals,2,4,0,0,0,0,0.00%,50.00%,0,0,0,0,0,0,-100,0,-1.1,0.4,-0.1,10131
Luis Castillo,Reds,2,4,0,0,0,0,0.00%,50.00%,0,0,0,0,0,0,-100,0,-1.1,0.4,-0.1,15689
Jordy Mercer,Tigers,9,34,0,1,2,0,8.80%,29.40%,0.067,0.25,0.167,0.265,0.233,0.234,44,0,-2.2,0.4,-0.1,6547
Martin Maldonado,Royals,8,30,0,2,0,0,3.30%,10.00%,0.034,0.231,0.207,0.233,0.241,0.212,27,0,-2.5,0.9,-0.1,6887
Tyler Wade,Yankees,5,13,0,2,0,1,7.70%,46.20%,0,0.333,0.167,0.231,0.167,0.189,11,0.2,-1.1,0.1,-0.1,15730
Adam Eaton,Nationals,9,43,0,3,2,2,9.30%,25.60%,0.027,0.346,0.243,0.349,0.27,0.292,72,-0.1,-1.6,-0.4,-0.1,11205
Anthony Alford,Blue Jays,1,3,0,0,0,0,0.00%,33.30%,0,0,0,0,0,0,-100,0,-0.8,0,-0.1,14329
Josh Donaldson,Braves,10,41,0,6,0,0,19.50%,24.40%,0.03,0.261,0.182,0.341,0.212,0.274,62,0,-2.1,0.1,-0.1,5038
Kevan Smith,Angels,3,10,0,0,1,0,0.00%,10.00%,0,0.125,0.111,0.2,0.111,0.161,-4,0,-1.2,0.2,-0.1,12284
Eric Lauer,Padres,3,5,0,0,0,0,0.00%,60.00%,0,0,0,0,0,0,-100,0,-1.4,0.5,-0.1,19316
Chris Archer,Pirates,2,5,0,0,0,0,0.00%,80.00%,0,0,0,0,0,0,-100,0,-1.4,0.5,-0.1,6345
Joey Wendle,Rays,4,9,0,0,0,0,0.00%,22.20%,0,0,0,0.222,0,0.161,-5,0,-1.1,0.1,-0.1,13853
Jeff Mathis,Rangers,5,17,1,2,1,0,5.90%,58.80%,0.188,0.2,0.125,0.176,0.313,0.211,20,0,-1.6,0.3,-0.1,3448
Drew Robinson,Cardinals,3,3,0,0,0,0,0.00%,33.30%,0,0,0,0,0,0,-100,0,-0.8,0,-0.1,11761
Amed Rosario,Mets,9,38,0,4,5,1,7.90%,34.20%,0.086,0.364,0.229,0.289,0.314,0.257,58,-0.2,-2.4,0.4,-0.1,15518
Robinson Cano,Mets,9,40,2,3,4,0,2.50%,22.50%,0.179,0.214,0.205,0.225,0.385,0.259,60,0,-2.2,0.1,-0.1,3269
Wilmer Flores,Diamondbacks,7,25,0,3,0,0,8.00%,12.00%,0.087,0.25,0.217,0.28,0.304,0.261,54,0,-1.6,0,-0.1,5827
Hunter Dozier,Royals,7,28,1,1,3,0,10.70%,14.30%,0.13,0.105,0.13,0.25,0.261,0.235,44,0,-1.8,0.1,-0.1,15117
Kyle Farmer,Reds,6,10,1,1,2,0,0.00%,30.00%,0.3,0,0.1,0.1,0.4,0.201,17,0,-1.1,0,-0.1,14813
Alen Hanson,Blue Jays,4,9,0,0,0,0,0.00%,55.60%,0,0.333,0.125,0.222,0.125,0.179,5,0,-1,-0.1,-0.1,12926
Ichiro Suzuki,Mariners,2,6,0,0,0,0,16.70%,16.70%,0,0,0,0.167,0,0.116,-35,0,-0.9,-0.1,-0.1,1101
Teoscar Hernandez,Blue Jays,11,42,0,4,3,0,14.30%,21.40%,0.083,0.259,0.194,0.31,0.278,0.261,65,0,-1.7,-0.5,-0.1,13066
Steven Duggar,Giants,11,48,1,4,5,1,2.10%,33.30%,0.156,0.31,0.222,0.25,0.378,0.267,62,0.2,-2.3,-0.1,-0.1,17719
Jameson Taillon,Pirates,3,6,0,0,0,0,0.00%,50.00%,0,0,0,0,0,0,-100,0,-1.6,0.6,-0.1,11674
Jung Ho Kang,Pirates,9,32,1,1,4,0,12.50%,31.30%,0.179,0.176,0.143,0.25,0.321,0.255,54,0,-2,0.1,-0.1,17182
Ehire Adrianza,Twins,5,16,0,2,1,0,0.00%,6.30%,0,0.154,0.154,0.25,0.154,0.201,19,0,-1.5,0.1,-0.1,8418
Kendrys Morales,Athletics,10,34,0,3,1,0,14.70%,17.60%,0,0.261,0.207,0.324,0.207,0.258,65,0,-1.4,-0.6,-0.1,8610
Jose Ramirez,Indians,9,34,0,5,2,3,5.90%,11.80%,0.065,0.214,0.194,0.235,0.258,0.218,29,0.6,-2.2,0.1,-0.1,13510
Chris Taylor,Dodgers,11,30,1,1,2,0,13.30%,23.30%,0.16,0.118,0.12,0.267,0.28,0.255,55,0,-1.8,-0.1,-0.1,13757
Billy McKinney,Blue Jays,9,34,0,2,1,0,14.70%,23.50%,0.069,0.238,0.172,0.294,0.241,0.253,59,0,-1.6,-0.5,-0.1,15654
Jason Castro,Twins,4,11,0,0,0,0,9.10%,9.10%,0,0.111,0.1,0.182,0.1,0.143,-23,0,-1.6,0.2,-0.1,8722
Curt Casali,Reds,7,12,0,1,1,0,0.00%,33.30%,0.167,0.375,0.25,0.25,0.417,0.281,66,0,-0.5,-0.8,-0.1,12510
Ian Kinsler,Padres,10,39,1,5,1,1,12.80%,12.80%,0.118,0.179,0.176,0.282,0.294,0.263,59,-0.2,-2.4,0.1,-0.1,6195
Steve Pearce,Red Sox,2,7,0,0,0,0,0.00%,57.10%,0,0.333,0.143,0.143,0.143,0.126,-38,0,-1.1,-0.1,-0.1,9957
Marwin Gonzalez,Twins,7,24,0,1,2,0,8.30%,25.00%,0.045,0.25,0.182,0.25,0.227,0.22,33,0,-1.9,0,-0.1,5497
Julio Teheran,Braves,3,7,0,0,0,0,0.00%,28.60%,0,0,0,0,0,0,-100,0,-1.9,0.7,-0.1,6797
Justin Bour,Angels,9,39,1,1,3,0,15.40%,23.10%,0.125,0.136,0.125,0.282,0.25,0.254,63,0,-1.7,-0.7,-0.1,9744
Miguel Andujar,Yankees,3,14,0,1,1,0,0.00%,14.30%,0,0.25,0.231,0.214,0.231,0.189,11,0,-1.4,-0.1,-0.1,15878
Dustin Peterson,Tigers,4,12,0,1,1,0,0.00%,41.70%,0.083,0.286,0.167,0.167,0.25,0.177,4,0,-1.3,-0.2,-0.1,15189
Kole Calhoun,Angels,10,41,2,4,4,0,4.90%,29.30%,0.205,0.2,0.179,0.22,0.385,0.257,65,-0.4,-2.1,-0.4,-0.1,11200
Lewis Brinson,Marlins,10,38,0,3,2,0,0.00%,21.10%,0.054,0.31,0.243,0.263,0.297,0.247,51,0,-2.5,0.2,-0.1,14352
Jake Bauers,Indians,8,29,0,4,2,0,10.30%,10.30%,0.077,0.217,0.192,0.276,0.269,0.249,51,0,-1.6,-0.5,-0.1,15194
Jonathan Lucroy,Angels,10,37,0,4,2,0,2.70%,8.10%,0.028,0.273,0.25,0.27,0.278,0.243,55,0,-1.9,-0.4,-0.1,7870
Andrelton Simmons,Angels,10,39,1,2,4,2,2.60%,15.40%,0.079,0.194,0.184,0.205,0.263,0.205,28,0.4,-2.9,0.4,-0.1,10847
Danny Jansen,Blue Jays,8,30,0,0,1,0,6.70%,23.30%,0.036,0.19,0.143,0.2,0.179,0.176,3,0,-3.3,1.2,-0.1,16535
Leonys Martin,Indians,8,31,0,1,0,0,12.90%,41.90%,0.074,0.286,0.148,0.258,0.222,0.227,35,0,-2.3,0.1,-0.1,11846
Pat Valaika,Rockies,5,13,0,3,0,0,7.70%,30.80%,0.083,0.25,0.167,0.231,0.25,0.217,14,0,-1.5,-0.1,-0.1,14885
Luis Urias,Padres,1,5,0,0,0,0,0.00%,40.00%,0,0,0,0,0,0,-100,0,-1.4,0,-0.1,16622
Travis Shaw,Brewers,10,43,1,2,3,0,16.30%,30.20%,0.086,0.238,0.171,0.326,0.257,0.259,53,0,-2.7,0.1,-0.1,11982
Avisail Garcia,Rays,8,31,0,2,1,1,6.50%,29.00%,0.034,0.3,0.207,0.258,0.241,0.227,43,0.2,-1.8,-0.4,-0.1,5760
Nick Williams,Phillies,8,8,0,0,1,0,0.00%,37.50%,0,0.2,0.125,0.125,0.125,0.11,-37,0,-1.5,0,-0.1,14330
Cesar Hernandez,Phillies,8,32,0,5,4,1,9.40%,12.50%,0.107,0.2,0.179,0.25,0.286,0.236,40,0.2,-2.4,0.1,-0.1,10556
Erik Gonzalez,Pirates,8,31,0,1,2,1,12.90%,12.90%,0.12,0.19,0.16,0.276,0.28,0.221,33,0.2,-2.6,0.3,-0.1,13369
Ryan McMahon,Rockies,7,29,0,3,1,0,13.80%,27.60%,0.08,0.294,0.2,0.31,0.28,0.273,49,0,-2,-0.3,-0.1,15112
Nick Hundley,Athletics,9,23,0,0,1,0,0.00%,21.70%,0,0.167,0.13,0.13,0.13,0.115,-38,0,-3.7,1.5,-0.1,3376
Ben Gamel,Brewers,8,19,0,2,0,0,5.30%,42.10%,0.056,0.4,0.222,0.263,0.278,0.216,26,0,-1.9,-0.1,-0.1,12160
Tomas Nido,Mets,2,6,0,0,0,0,0.00%,33.30%,0,0,0,0,0,0,-100,0,-1.6,0,-0.1,13755
Frank Schwindel,Royals,4,9,0,0,0,0,0.00%,22.20%,0,0.143,0.111,0.111,0.111,0.098,-55,0,-1.6,-0.1,-0.1,15351
Lucas Duda,Royals,5,13,0,0,2,0,0.00%,46.20%,0.077,0.286,0.154,0.154,0.231,0.164,-7,0,-1.6,-0.3,-0.1,2502
Franmil Reyes,Padres,11,29,1,2,4,0,13.80%,17.20%,0.174,0.105,0.13,0.241,0.304,0.239,44,0,-2.2,-0.2,-0.1,14566
Brad Miller,Indians,7,21,0,1,1,0,14.30%,33.30%,0,0.182,0.111,0.238,0.111,0.183,4,0,-2.3,0.1,-0.2,12775
Gerardo Parra,Giants,11,34,0,1,2,0,5.90%,26.50%,0.033,0.286,0.2,0.294,0.233,0.25,51,0,-2.2,-0.4,-0.2,8553
Alex Jackson,Braves,2,7,0,0,0,0,14.30%,28.60%,0,0,0,0.143,0,0,-100,0,-1.9,0.2,-0.2,17276
Dexter Fowler,Cardinals,10,32,0,3,0,1,15.60%,28.10%,0.038,0.235,0.154,0.313,0.192,0.253,52,-0.2,-2.3,-0.3,-0.2,4062
Raimel Tapia,Rockies,10,21,0,1,0,0,4.80%,28.60%,0.1,0.286,0.2,0.238,0.3,0.234,25,0,-2.1,-0.2,-0.2,14350
Jose Peraza,Reds,9,30,1,3,1,1,0.00%,23.30%,0.1,0.227,0.2,0.2,0.3,0.214,25,0.2,-2.8,0.2,-0.2,13593
Garrett Cooper,Marlins,3,7,0,0,0,0,0.00%,14.30%,0,0,0,0,0,0,-100,0,-1.9,-0.1,-0.2,15279
Pablo Reyes,Pirates,8,12,0,1,0,0,8.30%,50.00%,0,0.2,0.091,0.167,0.091,0.131,-23,0,-2,-0.1,-0.2,16357
Brock Holt,Red Sox,6,19,0,0,1,0,10.50%,36.80%,0,0.111,0.063,0.211,0.063,0.158,-15,0,-2.5,0.1,-0.2,9345
Albert Almora Jr.,Cubs,10,35,0,4,4,1,5.70%,22.90%,0,0.292,0.219,0.265,0.219,0.223,32,0.2,-3,0.1,-0.2,14109
Scott Schebler,Reds,9,32,1,2,2,0,9.40%,37.50%,0.138,0.188,0.138,0.219,0.276,0.222,30,0,-3,0.1,-0.2,12225
Johan Camargo,Braves,7,17,0,2,3,0,17.60%,29.40%,0.071,0.111,0.071,0.235,0.143,0.165,-6,0,-2.4,0,-0.2,14950
Peter O'Brien,Marlins,6,22,1,1,2,0,9.10%,40.90%,0.15,0.1,0.1,0.182,0.25,0.195,19,0,-2.4,-0.3,-0.2,13288
Roberto Perez,Indians,6,21,0,0,3,0,14.30%,33.30%,0,0.091,0.059,0.19,0.059,0.141,-26,0,-3,0.4,-0.2,2900
Socrates Brito,Blue Jays,3,11,0,0,0,0,9.10%,45.50%,0,0,0,0.091,0,0.063,-78,0,-2.2,-0.1,-0.2,12944
Max Moroff,Indians,9,17,0,0,2,0,0.00%,47.10%,0.059,0.222,0.118,0.118,0.176,0.125,-38,0,-2.7,0.1,-0.2,14556
Matt Adams,Nationals,8,8,0,0,0,0,0.00%,75.00%,0,0,0,0,0,0,-100,0,-2.2,0,-0.2,9393
Michael Reed,Giants,4,8,0,0,0,0,0.00%,75.00%,0,0,0,0,0,0,-100,0,-2.2,-0.1,-0.2,13228
Daniel Murphy,Rockies,2,10,0,1,0,0,0.00%,0.00%,0,0.1,0.1,0.1,0.1,0.088,-66,0,-2.2,-0.2,-0.2,4316
Rosell Herrera,Marlins,10,28,0,2,2,2,0.00%,7.10%,0.074,0.2,0.185,0.214,0.259,0.209,28,0,-2.7,-0.3,-0.2,11611
Max Stassi,Astros,4,11,0,0,0,0,9.10%,45.50%,0,0,0,0.091,0,0.063,-74,0,-2.2,-0.3,-0.2,10059
Willy Adames,Rays,10,39,0,3,0,0,2.60%,41.00%,0.026,0.318,0.184,0.205,0.211,0.186,13,0,-3.9,0.4,-0.2,15986
Brandon Drury,Blue Jays,10,40,0,2,0,0,2.50%,42.50%,0.077,0.318,0.179,0.2,0.256,0.198,19,0,-3.7,0.1,-0.2,11615
Mike Zunino,Rays,8,31,0,1,1,0,6.50%,35.50%,0,0.111,0.069,0.129,0.069,0.102,-48,0,-5.3,1.9,-0.2,13265
Grayson Greiner,Tigers,7,29,0,2,0,0,3.40%,27.60%,0.037,0.158,0.111,0.172,0.148,0.153,-14,0,-3.8,0.5,-0.2,17062
Jackie Bradley Jr.,Red Sox,11,39,0,3,1,2,2.60%,30.80%,0.026,0.269,0.184,0.205,0.211,0.186,5,0.4,-3.9,0.1,-0.2,12984
Jose Martinez,Cardinals,10,20,0,1,2,0,0.00%,25.00%,0.05,0.2,0.15,0.15,0.2,0.151,-11,0,-3,-0.1,-0.2,7996
Josh Harrison,Tigers,9,40,0,3,0,2,10.00%,22.50%,0,0.154,0.114,0.225,0.114,0.176,3,0.4,-4.1,0.1,-0.3,8202
Brandon Nimmo,Mets,9,36,0,4,2,0,13.90%,47.20%,0.034,0.25,0.103,0.257,0.138,0.206,27,0,-3.5,-0.2,-0.3,12927
Connor Joe,Giants,8,16,0,1,0,0,6.30%,31.30%,0,0.1,0.067,0.125,0.067,0.099,-42,0,-3,-0.2,-0.3,16572
Evan Longoria,Giants,11,41,1,4,2,0,2.40%,24.40%,0.1,0.207,0.175,0.195,0.275,0.204,23,0,-4.2,0.1,-0.3,9368
Brian Anderson,Marlins,10,42,0,1,1,0,9.50%,26.20%,0.026,0.222,0.158,0.238,0.184,0.201,23,0,-4.4,0.2,-0.3,18289
Eduardo Nunez,Red Sox,11,31,0,2,3,2,0.00%,9.70%,0.033,0.185,0.167,0.167,0.2,0.159,-14,0,-4.1,0.1,-0.3,6848
Yadier Molina,Cardinals,10,43,0,3,1,0,7.00%,11.60%,0.05,0.2,0.175,0.233,0.225,0.209,25,0,-4.3,0,-0.3,7007
Chris Owings,Royals,8,32,0,1,2,1,6.30%,37.50%,0.067,0.167,0.1,0.156,0.167,0.148,-19,0.2,-4.2,0.1,-0.3,10030
Peter Bourjos,Angels,9,19,0,2,0,0,5.30%,36.80%,0,0.091,0.056,0.105,0.056,0.083,-60,0,-3.5,-0.2,-0.3,2578
Rougned Odor,Rangers,10,42,0,3,1,0,7.10%,33.30%,0.053,0.25,0.158,0.238,0.211,0.21,20,-0.9,-4.7,0.1,-0.3,12282
Greg Allen,Indians,8,23,0,1,3,0,8.70%,39.10%,0.05,0.083,0.05,0.13,0.1,0.115,-45,0,-3.8,-0.2,-0.3,16623
Eric Stamets,Indians,9,26,0,3,0,0,7.70%,53.80%,0.043,0.111,0.043,0.12,0.087,0.105,-52,0,-4.5,0.4,-0.3,13795
Eduardo Escobar,Diamondbacks,10,42,0,2,2,0,4.80%,21.40%,0.05,0.226,0.175,0.214,0.225,0.197,14,0,-4.8,0.1,-0.3,6153
Mikie Mahtook,Tigers,7,21,0,0,0,0,9.50%,42.90%,0,0,0,0.095,0,0.066,-76,0,-4.3,0.1,-0.3,13130
Jesus Aguilar,Brewers,9,39,0,3,3,0,15.40%,17.90%,0,0.167,0.129,0.27,0.129,0.208,21,0,-4.1,-0.7,-0.4,11342
Brian Dozier,Nationals,8,30,1,1,1,0,3.30%,30.00%,0.103,0.105,0.103,0.133,0.207,0.149,-16,0,-4.6,0.1,-0.4,9810
Zack Cozart,Angels,10,28,0,1,1,0,3.60%,14.30%,0.038,0.045,0.038,0.107,0.077,0.095,-52,0,-4.9,0.1,-0.4,2616
Lourdes Gurriel Jr.,Blue Jays,8,29,0,0,2,0,3.40%,31.00%,0.037,0.111,0.074,0.138,0.111,0.122,-35,-0.4,-4.9,0,-0.4,19238
Yolmer Sanchez,White Sox,7,25,0,1,0,0,4.00%,32.00%,0,0.063,0.042,0.08,0.042,0.063,-77,0,-5.1,0.1,-0.4,11602
Daniel Palka,White Sox,7,23,0,0,2,0,8.70%,39.10%,0,0,0,0.087,0,0.06,-79,0,-4.7,-0.2,-0.4,14897
Jurickson Profar,Athletics,13,53,0,2,0,2,3.80%,15.10%,0.06,0.143,0.12,0.17,0.18,0.16,-6,0.4,-6.1,0.1,-0.4,10815
Matt Kemp,Reds,8,22,0,1,0,0,0.00%,45.50%,0,0.167,0.091,0.091,0.091,0.08,-58,0,-4.7,-0.2,-0.4,5631
Kevin Pillar,- - -,11,37,1,4,5,2,0.00%,16.20%,0.083,0.1,0.111,0.108,0.194,0.126,-32,0.4,-5.5,0.1,-0.4,12434
Yasiel Puig,Reds,9,32,0,0,3,0,6.30%,28.10%,0.033,0.19,0.133,0.188,0.167,0.165,-6,-0.4,-4.9,-0.3,-0.4,14225
Ian Desmond,Rockies,10,39,0,0,3,0,5.10%,38.50%,0.054,0.227,0.135,0.179,0.189,0.167,-17,0,-6.1,0.1,-0.5,6885
Jesse Winker,Reds,9,26,0,0,0,0,3.80%,26.90%,0,0.059,0.042,0.115,0.042,0.089,-53,0,-5.3,-0.2,-0.5,13590
Garrett Hampson,Rockies,10,27,0,2,1,0,0.00%,29.60%,0,0.105,0.077,0.074,0.077,0.065,-80,0,-6.5,0.1,-0.6,19262
Chris Davis,Orioles,9,32,0,0,2,0,12.50%,46.90%,0,0,0,0.125,0,0.067,-76,0,-6.5,-0.6,-0.6,9272